CREATE DATABASE lab;

CREATE TABLE IF NOT EXISTS Airline_info (
    airline_id INT PRIMARY KEY,
    airline_code VARCHAR(30) NOT NULL,
    airline_name VARCHAR(50) NOT NULL,
    airline_country VARCHAR(50) NOT NULL,
    created_at TIMESTAMP NOT NULL,
    updated_at TIMESTAMP NOT NULL,
    info VARCHAR(50) NOT NULL
);

CREATE TABLE IF NOT EXISTS Airport (
    airport_id INT PRIMARY KEY,
    airport_name VARCHAR(50) NOT NULL,
    country VARCHAR(50) NOT NULL,
    state VARCHAR(50) NOT NULL,
    city VARCHAR(50) NOT NULL,
    created_at TIMESTAMP NOT NULL,
    updated_at TIMESTAMP NOT NULL
);

CREATE TABLE IF NOT EXISTS Baggage_check (
    baggage_check_id INT PRIMARY KEY,
    check_result VARCHAR(50) NOT NULL,
    created_at TIMESTAMP NOT NULL,
    updated_at TIMESTAMP NOT NULL,
    booking_id INT NOT NULL,
    passenger_id INT NOT NULL
);

CREATE TABLE IF NOT EXISTS Baggage (
    baggage_id INT PRIMARY KEY,
    weight_in_kg DECIMAL(4,2) NOT NULL,
    created_at TIMESTAMP NOT NULL,
    updated_at TIMESTAMP NOT NULL,
    booking_id INT NOT NULL
);

CREATE TABLE IF NOT EXISTS Boarding_pass (
    boarding_pass_id INT PRIMARY KEY,
    booking_id INT NOT NULL,
    seat VARCHAR(50) NOT NULL,
    boarding_time TIMESTAMP NOT NULL,
    created_at TIMESTAMP NOT NULL,
    updated_at TIMESTAMP NOT NULL
);

CREATE TABLE IF NOT EXISTS Booking_flight (
    booking_flight_id INT PRIMARY KEY,
    booking_id INT NOT NULL,
    flight_id INT NOT NULL,
    created_at TIMESTAMP NOT NULL,
    updated_at TIMESTAMP NOT NULL
);

CREATE TABLE IF NOT EXISTS Booking (
    booking_id INT PRIMARY KEY,
    flight_id INT NOT NULL,
    passenger_id INT NOT NULL,
    booking_platform VARCHAR(50) NOT NULL,
    created_at TIMESTAMP NOT NULL,
    updated_at TIMESTAMP NOT NULL,
    status VARCHAR(50) NOT NULL,
    price DECIMAL(7,2) NOT NULL
);

CREATE TABLE IF NOT EXISTS Flights (
    flight_id INT PRIMARY KEY,
    sch_departure_time TIMESTAMP NOT NULL,
    sch_arrival_time TIMESTAMP NOT NULL,
    departing_airport_id INT NOT NULL,
    arriving_airport_id INT NOT NULL,
    departing_gate VARCHAR(50) NOT NULL,
    arriving_gate VARCHAR(50) NOT NULL,
    airline_id INT NOT NULL,
    act_departure_time TIMESTAMP NOT NULL,
    act_arrival_time TIMESTAMP NOT NULL,
    created_at TIMESTAMP NOT NULL,
    updated_at TIMESTAMP NOT NULL
);

CREATE TABLE IF NOT EXISTS Passengers (
    passenger_id INT PRIMARY KEY,
    first_name VARCHAR(50) NOT NULL,
    last_name VARCHAR(50) NOT NULL,
    date_of_birth DATE NOT NULL,
    gender VARCHAR(50) NOT NULL,
    country_of_citizenship VARCHAR(50) NOT NULL,
    country_of_residence VARCHAR(50) NOT NULL,
    passport_number VARCHAR(20) NOT NULL,
    created_at TIMESTAMP NOT NULL,
    updated_at TIMESTAMP NOT NULL
);

CREATE TABLE IF NOT EXISTS Security_check (
    security_check_id INT PRIMARY KEY,
    check_result VARCHAR(20) NOT NULL,
    created_at TIMESTAMP NOT NULL,
    updated_at TIMESTAMP NOT NULL,
    passenger_id INT NOT NULL
);

--5
ALTER TABLE Airline_info RENAME TO Airline;

--6
ALTER TABLE Booking RENAME COLUMN price TO ticket_price;

--7
ALTER TABLE Flights ALTER COLUMN departing_gate TYPE TEXT;

--8
ALTER TABLE Airline DROP COLUMN info;

--9
-- passenger_id
ALTER TABLE Security_check 
ADD CONSTRAINT fk_security_passenger
FOREIGN KEY (passenger_id) REFERENCES Passengers(passenger_id);

ALTER TABLE Booking 
ADD CONSTRAINT fk_booking_passenger
FOREIGN KEY (passenger_id) REFERENCES Passengers(passenger_id);

ALTER TABLE Baggage_check 
ADD CONSTRAINT fk_baggagecheck_passenger
FOREIGN KEY (passenger_id) REFERENCES Passengers(passenger_id);

-- booking_id
ALTER TABLE Baggage_check 
ADD CONSTRAINT fk_baggagecheck_booking
FOREIGN KEY (booking_id) REFERENCES Booking(booking_id);

ALTER TABLE Baggage 
ADD CONSTRAINT fk_baggage_booking
FOREIGN KEY (booking_id) REFERENCES Booking(booking_id);

ALTER TABLE Boarding_pass 
ADD CONSTRAINT fk_boardingpass_booking
FOREIGN KEY (booking_id) REFERENCES Booking(booking_id);

ALTER TABLE Booking_flight 
ADD CONSTRAINT fk_bookingflight_booking
FOREIGN KEY (booking_id) REFERENCES Booking(booking_id);

-- flight_id
ALTER TABLE Booking_flight 
ADD CONSTRAINT fk_bookingflight_flight
FOREIGN KEY (flight_id) REFERENCES Flights(flight_id);

-- dep airport id
ALTER TABLE Flights
ADD CONSTRAINT fk_flight_departing_airport
FOREIGN KEY (departing_airport_id) REFERENCES Airport(airport_id);

-- arr airport id
ALTER TABLE Flights
ADD CONSTRAINT fk_flight_arriving_airport
FOREIGN KEY (arriving_airport_id) REFERENCES Airport(airport_id);

-- airline id
ALTER TABLE Flights
ADD CONSTRAINT fk_flight_airline
FOREIGN KEY (airline_id) REFERENCES Airline(airline_id);

--DML

--2
INSERT INTO Airline (airline_id, airline_code, airline_name, airline_country, created_at, updated_at)
VALUES 
    (1, 'KZ1', 'KazAir', 'Kazakhstan', '2025-09-23 10:00:00', '2025-09-23 10:00:00');

--3
UPDATE Airline
SET airline_country = 'Turkey'
WHERE airline_name = 'KazAir';

--4
INSERT INTO Airline (airline_id, airline_code, airline_name, airline_country, created_at, updated_at)
VALUES
    (2, 'FR1', 'AirEasy', 'France', '2025-09-23 12:00:00', '2025-09-23 12:00:00'),
    (3, 'BR1', 'FlyHigh', 'Brazil', '2025-09-23 12:00:00', '2025-09-23 12:00:00'),
    (4, 'PO1', 'FlyFly', 'Poland', '2025-09-23 12:00:00', '2025-09-23 12:00:00');

--5
DELETE FROM Flights
WHERE sch_arrival_time >= '2024-01-01'
  AND sch_arrival_time < '2025-01-01';


--6
UPDATE Booking
SET ticket_price = ticket_price * 1.15;

--7
DELETE FROM Booking
WHERE ticket_price < 10000;


--1
--Airline_info
ALTER TABLE Airline
    ALTER COLUMN airline_name TYPE VARCHAR(100),
    ALTER COLUMN airline_country TYPE VARCHAR(100),
    ALTER COLUMN info TYPE VARCHAR(150);

--Airport
ALTER TABLE Airport 
    ALTER COLUMN airport_name TYPE VARCHAR(100),
    ALTER COLUMN country TYPE VARCHAR(100),
    ALTER COLUMN state TYPE VARCHAR(100),
    ALTER COLUMN city TYPE VARCHAR(100);


insert into Airline (airline_id, airline_code, airline_name, airline_country, created_at, updated_at, info) values (1, 'HO146', 'Bogisich-O''Kon', 'China', '2024-03-07', '2025-09-12', 'Morbi a ipsum.');
insert into Airline (airline_id, airline_code, airline_name, airline_country, created_at, updated_at, info) values (2, 'QN19', 'Jones, Waelchi and Stamm', 'Bulgaria', '2023-03-25', '2025-01-11', 'Suspendisse potenti.');
insert into Airline (airline_id, airline_code, airline_name, airline_country, created_at, updated_at, info) values (3, 'UW903', 'Stoltenberg LLC', 'Brazil', '2023-08-26', '2025-04-20', 'In hac habitasse platea dictumst.');
insert into Airline (airline_id, airline_code, airline_name, airline_country, created_at, updated_at, info) values (4, 'AT60', 'Mitchell Group', 'China', '2023-03-26', '2025-02-22', 'Vestibulum sed magna at nunc commodo placerat.');
insert into Airline (airline_id, airline_code, airline_name, airline_country, created_at, updated_at, info) values (5, 'ID648', 'Little Inc', 'Hungary', '2023-05-19', '2025-08-11', 'Quisque id justo sit amet sapien dignissim vestibulum.');
insert into Airline (airline_id, airline_code, airline_name, airline_country, created_at, updated_at, info) values (6, 'VJ342', 'Hilll and Sons', 'Nigeria', '2023-10-20', '2025-07-17', 'Duis aliquam convallis nunc.');
insert into Airline (airline_id, airline_code, airline_name, airline_country, created_at, updated_at, info) values (7, 'XZ84', 'Friesen and Sons', 'Ukraine', '2023-03-08', '2025-01-16', 'Morbi a ipsum.');
insert into Airline (airline_id, airline_code, airline_name, airline_country, created_at, updated_at, info) values (8, 'EE99', 'Shanahan and Sons', 'Thailand', '2022-10-22', '2025-08-07', 'In hac habitasse platea dictumst.');
insert into Airline (airline_id, airline_code, airline_name, airline_country, created_at, updated_at, info) values (9, 'FD134', 'Rippin LLC', 'Costa Rica', '2023-11-27', '2025-05-22', 'Curabitur gravida nisi at nibh.');
insert into Airline (airline_id, airline_code, airline_name, airline_country, created_at, updated_at, info) values (10, 'HS970', 'Muller, Leannon and Kuhic', 'Mongolia', '2023-03-14', '2025-04-04', 'Pellentesque viverra pede ac diam.');
insert into Airline (airline_id, airline_code, airline_name, airline_country, created_at, updated_at, info) values (11, 'LY320', 'Johns Inc', 'China', '2023-07-31', '2024-12-05', 'Nam dui.');
insert into Airline (airline_id, airline_code, airline_name, airline_country, created_at, updated_at, info) values (12, 'FU416', 'Ward, Schaefer and Hudson', 'Sudan', '2024-05-03', '2025-07-27', 'Aenean fermentum.');
insert into Airline (airline_id, airline_code, airline_name, airline_country, created_at, updated_at, info) values (13, 'VD53', 'Harvey LLC', 'Syria', '2024-08-08', '2025-05-29', 'Vestibulum rutrum rutrum neque.');
insert into Airline (airline_id, airline_code, airline_name, airline_country, created_at, updated_at, info) values (14, 'NW245', 'Wintheiser, Spinka and Kessler', 'Colombia', '2024-04-21', '2025-07-04', 'Lorem ipsum dolor sit amet, consectetuer adipiscing elit.');
insert into Airline (airline_id, airline_code, airline_name, airline_country, created_at, updated_at, info) values (15, 'LC421', 'Little-Wiegand', 'Russia', '2023-07-18', '2025-08-05', 'Curabitur gravida nisi at nibh.');
insert into Airline (airline_id, airline_code, airline_name, airline_country, created_at, updated_at, info) values (16, 'EJ572', 'Luettgen, Moore and Frami', 'China', '2022-12-18', '2024-11-09', 'Duis at velit eu est congue elementum.');
insert into Airline (airline_id, airline_code, airline_name, airline_country, created_at, updated_at, info) values (17, 'MK310', 'Waters, Ratke and Brown', 'Sweden', '2024-05-18', '2024-10-14', 'Morbi ut odio.');
insert into Airline (airline_id, airline_code, airline_name, airline_country, created_at, updated_at, info) values (18, 'IX898', 'Borer Group', 'China', '2023-12-17', '2025-04-03', 'Vivamus in felis eu sapien cursus vestibulum.');
insert into Airline (airline_id, airline_code, airline_name, airline_country, created_at, updated_at, info) values (19, 'IJ65', 'O''Hara-Rutherford', 'China', '2023-03-06', '2025-02-25', 'Duis at velit eu est congue elementum.');
insert into Airline (airline_id, airline_code, airline_name, airline_country, created_at, updated_at, info) values (20, 'ZU940', 'Cremin-Jacobson', 'Italy', '2022-10-28', '2024-11-07', 'Fusce congue, diam id ornare imperdiet, sapien urna pretium nisl, ut volutpat sapien arcu sed augue.');
insert into Airline (airline_id, airline_code, airline_name, airline_country, created_at, updated_at, info) values (21, 'PL64', 'Ernser, Heller and Gibson', 'Tunisia', '2023-05-10', '2025-09-08', 'Duis consequat dui nec nisi volutpat eleifend.');
insert into Airline (airline_id, airline_code, airline_name, airline_country, created_at, updated_at, info) values (22, 'VN64', 'Flatley, Beier and Renner', 'China', '2024-09-01', '2025-05-13', 'Suspendisse potenti.');
insert into Airline (airline_id, airline_code, airline_name, airline_country, created_at, updated_at, info) values (23, 'JU812', 'Tillman, Kautzer and Kub', 'Uganda', '2023-11-01', '2025-09-09', 'Quisque arcu libero, rutrum ac, lobortis vel, dapibus at, diam.');
insert into Airline (airline_id, airline_code, airline_name, airline_country, created_at, updated_at, info) values (24, 'JE102', 'Kling-Medhurst', 'Czech Republic', '2023-10-21', '2025-05-25', 'Pellentesque ultrices mattis odio.');
insert into Airline (airline_id, airline_code, airline_name, airline_country, created_at, updated_at, info) values (25, 'HX764', 'Leannon LLC', 'Philippines', '2022-12-13', '2025-09-14', 'Aliquam erat volutpat.');
insert into Airline (airline_id, airline_code, airline_name, airline_country, created_at, updated_at, info) values (26, 'JG693', 'Dach-Emmerich', 'Brazil', '2023-11-18', '2025-05-10', 'Maecenas tristique, est et tempus semper, est quam pharetra magna, ac consequat metus sapien ut nunc.');
insert into Airline (airline_id, airline_code, airline_name, airline_country, created_at, updated_at, info) values (27, 'PN07', 'Goldner, Kunze and Jerde', 'Indonesia', '2023-10-30', '2024-11-25', 'Donec ut dolor.');
insert into Airline (airline_id, airline_code, airline_name, airline_country, created_at, updated_at, info) values (28, 'GH832', 'Volkman Inc', 'Libya', '2024-02-12', '2025-06-21', 'Donec semper sapien a libero.');
insert into Airline (airline_id, airline_code, airline_name, airline_country, created_at, updated_at, info) values (29, 'IT104', 'Lueilwitz-Streich', 'Peru', '2023-12-27', '2024-12-20', 'Etiam justo.');
insert into Airline (airline_id, airline_code, airline_name, airline_country, created_at, updated_at, info) values (30, 'SU76', 'Weimann-Kovacek', 'Indonesia', '2023-02-08', '2024-10-19', 'Quisque erat eros, viverra eget, congue eget, semper rutrum, nulla.');
insert into Airline (airline_id, airline_code, airline_name, airline_country, created_at, updated_at, info) values (31, 'ZF137', 'Sipes Inc', 'United States', '2024-02-25', '2024-12-31', 'Morbi non lectus.');
insert into Airline (airline_id, airline_code, airline_name, airline_country, created_at, updated_at, info) values (32, 'VP450', 'Jast Group', 'Portugal', '2024-03-05', '2024-11-02', 'Curabitur in libero ut massa volutpat convallis.');
insert into Airline (airline_id, airline_code, airline_name, airline_country, created_at, updated_at, info) values (33, 'HC370', 'Kovacek LLC', 'Colombia', '2023-09-01', '2025-02-02', 'Fusce consequat.');
insert into Airline (airline_id, airline_code, airline_name, airline_country, created_at, updated_at, info) values (34, 'UC185', 'Olson-Moore', 'France', '2023-09-25', '2025-08-31', 'Duis mattis egestas metus.');
insert into Airline (airline_id, airline_code, airline_name, airline_country, created_at, updated_at, info) values (35, 'MO60', 'Armstrong and Sons', 'Norway', '2024-07-28', '2025-05-22', 'Quisque id justo sit amet sapien dignissim vestibulum.');
insert into Airline (airline_id, airline_code, airline_name, airline_country, created_at, updated_at, info) values (36, 'GT348', 'Bruen, Runolfsdottir and Metz', 'South Africa', '2024-03-04', '2025-01-04', 'Fusce lacus purus, aliquet at, feugiat non, pretium quis, lectus.');
insert into Airline (airline_id, airline_code, airline_name, airline_country, created_at, updated_at, info) values (37, 'MS038', 'Dare, Lindgren and Veum', 'China', '2024-08-08', '2025-02-15', 'Mauris ullamcorper purus sit amet nulla.');
insert into Airline (airline_id, airline_code, airline_name, airline_country, created_at, updated_at, info) values (38, 'WB115', 'Stanton, Mertz and Moore', 'Indonesia', '2024-07-13', '2025-03-13', 'Vestibulum ante ipsum primis in faucibus orci luctus et ultrices posuere cubilia Curae; Mauris viverra diam vitae quam.');
insert into Airline (airline_id, airline_code, airline_name, airline_country, created_at, updated_at, info) values (39, 'NU38', 'Skiles, Casper and Farrell', 'China', '2023-03-06', '2025-08-16', 'Vestibulum ante ipsum primis in faucibus orci luctus et ultrices posuere cubilia Curae; Mauris viverra diam vitae quam.');
insert into Airline (airline_id, airline_code, airline_name, airline_country, created_at, updated_at, info) values (40, 'IB06', 'Schultz, Pacocha and Luettgen', 'Netherlands', '2024-06-28', '2025-04-26', 'Aliquam erat volutpat.');
insert into Airline (airline_id, airline_code, airline_name, airline_country, created_at, updated_at, info) values (41, 'PC203', 'Schroeder Inc', 'Thailand', '2023-05-04', '2025-07-25', 'Fusce posuere felis sed lacus.');
insert into Airline (airline_id, airline_code, airline_name, airline_country, created_at, updated_at, info) values (42, 'KA333', 'Fay Group', 'United States', '2024-06-24', '2025-06-26', 'Morbi non quam nec dui luctus rutrum.');
insert into Airline (airline_id, airline_code, airline_name, airline_country, created_at, updated_at, info) values (43, 'LM960', 'Nitzsche and Sons', 'Indonesia', '2024-06-13', '2025-06-08', 'Sed ante.');
insert into Airline (airline_id, airline_code, airline_name, airline_country, created_at, updated_at, info) values (44, 'LN722', 'Simonis Inc', 'Indonesia', '2024-06-26', '2025-02-13', 'Aenean auctor gravida sem.');
insert into Airline (airline_id, airline_code, airline_name, airline_country, created_at, updated_at, info) values (45, 'GO21', 'Stamm-Hammes', 'Argentina', '2023-11-26', '2025-02-15', 'In est risus, auctor sed, tristique in, tempus sit amet, sem.');
insert into Airline (airline_id, airline_code, airline_name, airline_country, created_at, updated_at, info) values (46, 'PH304', 'Emmerich-Oberbrunner', 'China', '2024-03-23', '2025-02-01', 'Aliquam sit amet diam in magna bibendum imperdiet.');
insert into Airline (airline_id, airline_code, airline_name, airline_country, created_at, updated_at, info) values (47, 'VB63', 'Gutkowski and Sons', 'China', '2022-11-28', '2025-05-29', 'Donec diam neque, vestibulum eget, vulputate ut, ultrices vel, augue.');
insert into Airline (airline_id, airline_code, airline_name, airline_country, created_at, updated_at, info) values (48, 'TF823', 'Senger and Sons', 'United States', '2024-04-05', '2025-01-19', 'Nullam sit amet turpis elementum ligula vehicula consequat.');
insert into Airline (airline_id, airline_code, airline_name, airline_country, created_at, updated_at, info) values (49, 'FJ966', 'Parker-Corkery', 'China', '2023-01-19', '2025-02-05', 'Quisque id justo sit amet sapien dignissim vestibulum.');
insert into Airline (airline_id, airline_code, airline_name, airline_country, created_at, updated_at, info) values (50, 'CN11', 'Johns, Luettgen and Sanford', 'Argentina', '2022-12-27', '2025-05-28', 'Vestibulum sed magna at nunc commodo placerat.');
insert into Airline (airline_id, airline_code, airline_name, airline_country, created_at, updated_at, info) values (51, 'KC95', 'Shields Group', 'China', '2023-08-16', '2025-09-19', 'In congue.');
insert into Airline (airline_id, airline_code, airline_name, airline_country, created_at, updated_at, info) values (52, 'GN20', 'Becker, Stanton and Daniel', 'Philippines', '2023-12-23', '2025-03-09', 'In eleifend quam a odio.');
insert into Airline (airline_id, airline_code, airline_name, airline_country, created_at, updated_at, info) values (53, 'XS94', 'Hegmann Group', 'Indonesia', '2023-12-04', '2025-08-26', 'Nunc rhoncus dui vel sem.');
insert into Airline (airline_id, airline_code, airline_name, airline_country, created_at, updated_at, info) values (54, 'CV55', 'Von, Halvorson and Lakin', 'Slovenia', '2023-11-20', '2025-01-21', 'Quisque porta volutpat erat.');
insert into Airline (airline_id, airline_code, airline_name, airline_country, created_at, updated_at, info) values (55, 'ZW51', 'Pacocha Inc', 'China', '2023-01-23', '2025-05-15', 'Donec ut dolor.');
insert into Airline (airline_id, airline_code, airline_name, airline_country, created_at, updated_at, info) values (56, 'EP670', 'Mante Inc', 'Poland', '2023-01-05', '2025-05-27', 'Integer pede justo, lacinia eget, tincidunt eget, tempus vel, pede.');
insert into Airline (airline_id, airline_code, airline_name, airline_country, created_at, updated_at, info) values (57, 'JF24', 'Morissette-McGlynn', 'Paraguay', '2024-01-04', '2025-04-10', 'In congue.');
insert into Airline (airline_id, airline_code, airline_name, airline_country, created_at, updated_at, info) values (58, 'CK06', 'McCullough-Bartell', 'Madagascar', '2023-12-28', '2025-05-05', 'Duis at velit eu est congue elementum.');
insert into Airline (airline_id, airline_code, airline_name, airline_country, created_at, updated_at, info) values (59, 'OW27', 'Raynor, Beatty and Dach', 'Russia', '2024-06-22', '2024-09-29', 'Aliquam erat volutpat.');
insert into Airline (airline_id, airline_code, airline_name, airline_country, created_at, updated_at, info) values (60, 'UT450', 'Braun, Mayert and Marvin', 'Russia', '2023-10-28', '2025-06-06', 'Proin leo odio, porttitor id, consequat in, consequat ut, nulla.');
insert into Airline (airline_id, airline_code, airline_name, airline_country, created_at, updated_at, info) values (61, 'UZ923', 'Heller-Kub', 'South Africa', '2023-09-10', '2025-08-19', 'Donec ut dolor.');
insert into Airline (airline_id, airline_code, airline_name, airline_country, created_at, updated_at, info) values (62, 'PR85', 'Hahn, Greenholt and Robel', 'Uganda', '2022-11-12', '2025-09-18', 'Maecenas ut massa quis augue luctus tincidunt.');
insert into Airline (airline_id, airline_code, airline_name, airline_country, created_at, updated_at, info) values (63, 'FD554', 'Adams, Trantow and Barrows', 'France', '2024-01-29', '2024-12-02', 'Duis at velit eu est congue elementum.');
insert into Airline (airline_id, airline_code, airline_name, airline_country, created_at, updated_at, info) values (64, 'XB03', 'Howe-Connelly', 'China', '2022-10-30', '2025-05-11', 'Phasellus in felis.');
insert into Airline (airline_id, airline_code, airline_name, airline_country, created_at, updated_at, info) values (65, 'JO314', 'Rempel LLC', 'Philippines', '2022-11-09', '2025-06-16', 'Morbi ut odio.');
insert into Airline (airline_id, airline_code, airline_name, airline_country, created_at, updated_at, info) values (66, 'KR03', 'McCullough-Trantow', 'Russia', '2022-12-01', '2025-08-03', 'Cras non velit nec nisi vulputate nonummy.');
insert into Airline (airline_id, airline_code, airline_name, airline_country, created_at, updated_at, info) values (67, 'QL51', 'Huels-Ziemann', 'Indonesia', '2023-06-08', '2025-07-27', 'Suspendisse potenti.');
insert into Airline (airline_id, airline_code, airline_name, airline_country, created_at, updated_at, info) values (68, 'RF987', 'Lemke, Ruecker and Wunsch', 'China', '2023-03-08', '2025-01-29', 'Cras pellentesque volutpat dui.');
insert into Airline (airline_id, airline_code, airline_name, airline_country, created_at, updated_at, info) values (69, 'CY26', 'Weissnat LLC', 'Philippines', '2024-03-17', '2024-12-05', 'Donec vitae nisi.');
insert into Airline (airline_id, airline_code, airline_name, airline_country, created_at, updated_at, info) values (70, 'AI44', 'Jaskolski Group', 'China', '2023-08-13', '2025-05-02', 'Vestibulum rutrum rutrum neque.');
insert into Airline (airline_id, airline_code, airline_name, airline_country, created_at, updated_at, info) values (71, 'AS68', 'Buckridge Group', 'Japan', '2023-04-06', '2025-07-16', 'Lorem ipsum dolor sit amet, consectetuer adipiscing elit.');
insert into Airline (airline_id, airline_code, airline_name, airline_country, created_at, updated_at, info) values (72, 'RB40', 'Nikolaus and Sons', 'Sweden', '2023-12-05', '2024-11-02', 'Duis aliquam convallis nunc.');
insert into Airline (airline_id, airline_code, airline_name, airline_country, created_at, updated_at, info) values (73, 'LP734', 'Pagac, Steuber and Terry', 'Colombia', '2023-08-29', '2025-07-24', 'Duis at velit eu est congue elementum.');
insert into Airline (airline_id, airline_code, airline_name, airline_country, created_at, updated_at, info) values (74, 'YM859', 'Little-Koch', 'Iran', '2023-09-06', '2024-10-17', 'Maecenas leo odio, condimentum id, luctus nec, molestie sed, justo.');
insert into Airline (airline_id, airline_code, airline_name, airline_country, created_at, updated_at, info) values (75, 'XP65', 'Cremin, Volkman and Treutel', 'Philippines', '2023-04-12', '2025-07-30', 'In quis justo.');
insert into Airline (airline_id, airline_code, airline_name, airline_country, created_at, updated_at, info) values (76, 'AW200', 'Bode-Schmitt', 'Poland', '2023-08-29', '2024-12-31', 'Proin interdum mauris non ligula pellentesque ultrices.');
insert into Airline (airline_id, airline_code, airline_name, airline_country, created_at, updated_at, info) values (77, 'JY239', 'Runolfsson, Mills and MacGyver', 'China', '2022-10-21', '2025-08-03', 'Nam congue, risus semper porta volutpat, quam pede lobortis ligula, sit amet eleifend pede libero quis orci.');
insert into Airline (airline_id, airline_code, airline_name, airline_country, created_at, updated_at, info) values (78, 'OS60', 'Marvin, Feest and Blick', 'Japan', '2024-04-20', '2025-07-23', 'Cras non velit nec nisi vulputate nonummy.');
insert into Airline (airline_id, airline_code, airline_name, airline_country, created_at, updated_at, info) values (79, 'EY094', 'Quitzon LLC', 'France', '2023-08-13', '2025-02-23', 'Integer tincidunt ante vel ipsum.');
insert into Airline (airline_id, airline_code, airline_name, airline_country, created_at, updated_at, info) values (80, 'ZF76', 'Price Inc', 'Azerbaijan', '2023-03-06', '2025-02-05', 'Proin leo odio, porttitor id, consequat in, consequat ut, nulla.');
insert into Airline (airline_id, airline_code, airline_name, airline_country, created_at, updated_at, info) values (81, 'OT420', 'Keeling, Thompson and Heathcote', 'Bosnia and Herzegovina', '2024-09-22', '2024-12-17', 'In est risus, auctor sed, tristique in, tempus sit amet, sem.');
insert into Airline (airline_id, airline_code, airline_name, airline_country, created_at, updated_at, info) values (82, 'IR446', 'Goodwin LLC', 'Albania', '2023-12-02', '2025-02-01', 'Sed sagittis.');
insert into Airline (airline_id, airline_code, airline_name, airline_country, created_at, updated_at, info) values (83, 'HP287', 'Johnson-Schulist', 'Russia', '2024-04-23', '2025-05-08', 'Morbi non quam nec dui luctus rutrum.');
insert into Airline (airline_id, airline_code, airline_name, airline_country, created_at, updated_at, info) values (84, 'TB462', 'Hackett, Wolf and Kutch', 'Poland', '2023-11-08', '2024-10-08', 'Vivamus tortor.');
insert into Airline (airline_id, airline_code, airline_name, airline_country, created_at, updated_at, info) values (85, 'DK67', 'Mohr Inc', 'Finland', '2024-06-13', '2025-03-11', 'Vivamus metus arcu, adipiscing molestie, hendrerit at, vulputate vitae, nisl.');
insert into Airline (airline_id, airline_code, airline_name, airline_country, created_at, updated_at, info) values (86, 'XF63', 'Hintz, Kiehn and Dicki', 'Ukraine', '2023-05-27', '2024-11-04', 'Etiam vel augue.');
insert into Airline (airline_id, airline_code, airline_name, airline_country, created_at, updated_at, info) values (87, 'CT212', 'Ankunding, Murazik and Crist', 'China', '2022-12-15', '2024-12-05', 'Integer a nibh.');
insert into Airline (airline_id, airline_code, airline_name, airline_country, created_at, updated_at, info) values (88, 'EC16', 'Bruen, Dooley and Keeling', 'Brazil', '2024-04-02', '2024-11-28', 'In blandit ultrices enim.');
insert into Airline (airline_id, airline_code, airline_name, airline_country, created_at, updated_at, info) values (89, 'BQ13', 'Gutkowski, Quitzon and Quitzon', 'Russia', '2024-06-10', '2024-11-29', 'Aenean sit amet justo.');
insert into Airline (airline_id, airline_code, airline_name, airline_country, created_at, updated_at, info) values (90, 'PL167', 'Gislason and Sons', 'Canada', '2023-06-14', '2025-04-09', 'Duis at velit eu est congue elementum.');
insert into Airline (airline_id, airline_code, airline_name, airline_country, created_at, updated_at, info) values (91, 'ZW68', 'Nader Group', 'Brazil', '2024-06-27', '2025-02-13', 'Duis bibendum, felis sed interdum venenatis, turpis enim blandit mi, in porttitor pede justo eu massa.');
insert into Airline (airline_id, airline_code, airline_name, airline_country, created_at, updated_at, info) values (92, 'GV36', 'Jaskolski-Pagac', 'Ukraine', '2023-09-13', '2025-08-28', 'Quisque id justo sit amet sapien dignissim vestibulum.');
insert into Airline (airline_id, airline_code, airline_name, airline_country, created_at, updated_at, info) values (93, 'WB168', 'Pacocha Group', 'Indonesia', '2023-01-12', '2025-04-01', 'Praesent blandit.');
insert into Airline (airline_id, airline_code, airline_name, airline_country, created_at, updated_at, info) values (94, 'ZV702', 'Torp Group', 'France', '2023-02-08', '2024-09-29', 'Maecenas tincidunt lacus at velit.');
insert into Airline (airline_id, airline_code, airline_name, airline_country, created_at, updated_at, info) values (95, 'SZ941', 'Krajcik, Heaney and Rosenbaum', 'Russia', '2024-01-04', '2025-02-03', 'Maecenas leo odio, condimentum id, luctus nec, molestie sed, justo.');
insert into Airline (airline_id, airline_code, airline_name, airline_country, created_at, updated_at, info) values (96, 'CB450', 'Rolfson, Frami and Monahan', 'Czech Republic', '2022-10-08', '2025-05-30', 'Cum sociis natoque penatibus et magnis dis parturient montes, nascetur ridiculus mus.');
insert into Airline (airline_id, airline_code, airline_name, airline_country, created_at, updated_at, info) values (97, 'ON33', 'MacGyver Inc', 'South Africa', '2023-03-21', '2025-01-08', 'Phasellus id sapien in sapien iaculis congue.');
insert into Airline (airline_id, airline_code, airline_name, airline_country, created_at, updated_at, info) values (98, 'ZP44', 'Rodriguez, Batz and Anderson', 'Canada', '2023-11-29', '2025-04-03', 'Donec quis orci eget orci vehicula condimentum.');
insert into Airline (airline_id, airline_code, airline_name, airline_country, created_at, updated_at, info) values (99, 'YU447', 'Pfeffer Inc', 'China', '2022-10-29', '2024-11-10', 'Morbi ut odio.');
insert into Airline (airline_id, airline_code, airline_name, airline_country, created_at, updated_at, info) values (100, 'DI81', 'Kuhlman, Sawayn and Reynolds', 'Greece', '2024-03-13', '2024-12-24', 'Nulla neque libero, convallis eget, eleifend luctus, ultricies eu, nibh.');
insert into Airline (airline_id, airline_code, airline_name, airline_country, created_at, updated_at, info) values (101, 'FC76', 'Kirlin-Harber', 'China', '2024-06-16', '2024-11-01', 'Praesent blandit.');
insert into Airline (airline_id, airline_code, airline_name, airline_country, created_at, updated_at, info) values (102, 'XS894', 'Halvorson LLC', 'Spain', '2023-04-25', '2025-05-28', 'Etiam justo.');
insert into Airline (airline_id, airline_code, airline_name, airline_country, created_at, updated_at, info) values (103, 'AE464', 'Watsica-Auer', 'Colombia', '2024-03-19', '2025-03-22', 'Donec posuere metus vitae ipsum.');
insert into Airline (airline_id, airline_code, airline_name, airline_country, created_at, updated_at, info) values (104, 'BQ495', 'Dickinson, Leffler and Goldner', 'Portugal', '2024-04-29', '2025-06-17', 'Suspendisse accumsan tortor quis turpis.');
insert into Airline (airline_id, airline_code, airline_name, airline_country, created_at, updated_at, info) values (105, 'EK568', 'Schowalter, Roob and Gulgowski', 'Albania', '2024-01-17', '2025-07-27', 'Nullam molestie nibh in lectus.');
insert into Airline (airline_id, airline_code, airline_name, airline_country, created_at, updated_at, info) values (106, 'RB114', 'Kub, Deckow and Ward', 'Indonesia', '2023-05-03', '2024-11-17', 'Vestibulum ac est lacinia nisi venenatis tristique.');
insert into Airline (airline_id, airline_code, airline_name, airline_country, created_at, updated_at, info) values (107, 'UZ82', 'Larkin, Marks and Cruickshank', 'Poland', '2024-01-16', '2025-01-27', 'Duis mattis egestas metus.');
insert into Airline (airline_id, airline_code, airline_name, airline_country, created_at, updated_at, info) values (108, 'JP524', 'Koss-Stark', 'France', '2023-05-03', '2025-03-26', 'Curabitur convallis.');
insert into Airline (airline_id, airline_code, airline_name, airline_country, created_at, updated_at, info) values (109, 'AI334', 'Prohaska, DuBuque and Moen', 'Sweden', '2023-01-24', '2025-04-16', 'Vivamus vel nulla eget eros elementum pellentesque.');
insert into Airline (airline_id, airline_code, airline_name, airline_country, created_at, updated_at, info) values (110, 'TO762', 'Moore and Sons', 'Australia', '2023-12-10', '2025-04-07', 'Aliquam non mauris.');
insert into Airline (airline_id, airline_code, airline_name, airline_country, created_at, updated_at, info) values (111, 'IK439', 'Roob, Heathcote and Hessel', 'Russia', '2023-01-08', '2025-03-05', 'Cras in purus eu magna vulputate luctus.');
insert into Airline (airline_id, airline_code, airline_name, airline_country, created_at, updated_at, info) values (112, 'FT069', 'Waters Group', 'Brazil', '2022-11-07', '2024-10-16', 'Suspendisse accumsan tortor quis turpis.');
insert into Airline (airline_id, airline_code, airline_name, airline_country, created_at, updated_at, info) values (113, 'NJ590', 'Herman, Hoeger and Morar', 'France', '2023-11-20', '2024-10-25', 'Integer ac leo.');
insert into Airline (airline_id, airline_code, airline_name, airline_country, created_at, updated_at, info) values (114, 'IC59', 'Marvin LLC', 'Denmark', '2023-08-22', '2025-01-22', 'Aliquam augue quam, sollicitudin vitae, consectetuer eget, rutrum at, lorem.');
insert into Airline (airline_id, airline_code, airline_name, airline_country, created_at, updated_at, info) values (115, 'WD277', 'Murazik, Blick and Hessel', 'Brazil', '2024-02-17', '2025-03-18', 'Duis mattis egestas metus.');
insert into Airline (airline_id, airline_code, airline_name, airline_country, created_at, updated_at, info) values (116, 'FQ460', 'Johnston-O''Conner', 'Portugal', '2023-08-02', '2025-09-17', 'Mauris lacinia sapien quis libero.');
insert into Airline (airline_id, airline_code, airline_name, airline_country, created_at, updated_at, info) values (117, 'DI170', 'Weimann-Wilkinson', 'Mauritius', '2023-09-12', '2024-11-29', 'Aliquam non mauris.');
insert into Airline (airline_id, airline_code, airline_name, airline_country, created_at, updated_at, info) values (118, 'QL588', 'O''Connell, Kutch and Heller', 'Nepal', '2024-02-28', '2025-07-14', 'In hac habitasse platea dictumst.');
insert into Airline (airline_id, airline_code, airline_name, airline_country, created_at, updated_at, info) values (119, 'KP70', 'Jacobi, Hammes and Gottlieb', 'Argentina', '2022-12-07', '2025-06-30', 'Suspendisse potenti.');
insert into Airline (airline_id, airline_code, airline_name, airline_country, created_at, updated_at, info) values (120, 'OO92', 'Marquardt Inc', 'Jamaica', '2024-07-03', '2025-01-07', 'Pellentesque ultrices mattis odio.');
insert into Airline (airline_id, airline_code, airline_name, airline_country, created_at, updated_at, info) values (121, 'PL988', 'Funk LLC', 'South Africa', '2024-04-05', '2025-07-28', 'Suspendisse potenti.');
insert into Airline (airline_id, airline_code, airline_name, airline_country, created_at, updated_at, info) values (122, 'TS35', 'Wisoky, Funk and Moore', 'Afghanistan', '2024-06-04', '2025-03-09', 'Nulla mollis molestie lorem.');
insert into Airline (airline_id, airline_code, airline_name, airline_country, created_at, updated_at, info) values (123, 'TW044', 'Cremin, Orn and Bashirian', 'Brazil', '2023-05-02', '2025-04-06', 'In quis justo.');
insert into Airline (airline_id, airline_code, airline_name, airline_country, created_at, updated_at, info) values (124, 'XR985', 'Rowe, Windler and Kirlin', 'Poland', '2024-09-05', '2024-09-23', 'Cum sociis natoque penatibus et magnis dis parturient montes, nascetur ridiculus mus.');
insert into Airline (airline_id, airline_code, airline_name, airline_country, created_at, updated_at, info) values (125, 'WV67', 'Jast, Bogisich and Gutkowski', 'France', '2023-02-25', '2025-03-10', 'Suspendisse potenti.');
insert into Airline (airline_id, airline_code, airline_name, airline_country, created_at, updated_at, info) values (126, 'ZC22', 'Abernathy-Conn', 'Nigeria', '2023-12-12', '2025-05-15', 'Lorem ipsum dolor sit amet, consectetuer adipiscing elit.');
insert into Airline (airline_id, airline_code, airline_name, airline_country, created_at, updated_at, info) values (127, 'LS097', 'Torp-Durgan', 'Sweden', '2023-08-29', '2024-11-15', 'In tempor, turpis nec euismod scelerisque, quam turpis adipiscing lorem, vitae mattis nibh ligula nec sem.');
insert into Airline (airline_id, airline_code, airline_name, airline_country, created_at, updated_at, info) values (128, 'AU61', 'Leannon, Schulist and Muller', 'Morocco', '2024-04-16', '2024-12-16', 'In hac habitasse platea dictumst.');
insert into Airline (airline_id, airline_code, airline_name, airline_country, created_at, updated_at, info) values (129, 'AX36', 'Walter-Glover', 'France', '2023-05-18', '2025-06-04', 'Integer ac neque.');
insert into Airline (airline_id, airline_code, airline_name, airline_country, created_at, updated_at, info) values (130, 'PG58', 'O''Reilly Inc', 'China', '2023-07-05', '2024-12-29', 'Sed vel enim sit amet nunc viverra dapibus.');
insert into Airline (airline_id, airline_code, airline_name, airline_country, created_at, updated_at, info) values (131, 'IP202', 'Hayes, Funk and Feest', 'Russia', '2023-07-10', '2025-03-03', 'Morbi ut odio.');
insert into Airline (airline_id, airline_code, airline_name, airline_country, created_at, updated_at, info) values (132, 'SU68', 'Ortiz, Quitzon and Bechtelar', 'Venezuela', '2023-10-02', '2024-11-10', 'Cras in purus eu magna vulputate luctus.');
insert into Airline (airline_id, airline_code, airline_name, airline_country, created_at, updated_at, info) values (133, 'OG24', 'Tremblay and Sons', 'Sweden', '2022-12-19', '2025-03-18', 'Pellentesque at nulla.');
insert into Airline (airline_id, airline_code, airline_name, airline_country, created_at, updated_at, info) values (134, 'FO09', 'Medhurst, Bosco and McDermott', 'Chad', '2023-06-11', '2025-05-21', 'Nulla facilisi.');
insert into Airline (airline_id, airline_code, airline_name, airline_country, created_at, updated_at, info) values (135, 'QV61', 'Roob Inc', 'China', '2023-01-27', '2025-06-26', 'Cum sociis natoque penatibus et magnis dis parturient montes, nascetur ridiculus mus.');
insert into Airline (airline_id, airline_code, airline_name, airline_country, created_at, updated_at, info) values (136, 'DF652', 'Lebsack-Conn', 'Argentina', '2023-09-14', '2024-11-17', 'Phasellus in felis.');
insert into Airline (airline_id, airline_code, airline_name, airline_country, created_at, updated_at, info) values (137, 'RM042', 'Yost and Sons', 'China', '2022-09-27', '2024-11-02', 'In quis justo.');
insert into Airline (airline_id, airline_code, airline_name, airline_country, created_at, updated_at, info) values (138, 'BW21', 'Gulgowski LLC', 'Philippines', '2023-03-21', '2024-11-10', 'Integer ac neque.');
insert into Airline (airline_id, airline_code, airline_name, airline_country, created_at, updated_at, info) values (139, 'ZH554', 'Labadie, Padberg and Nikolaus', 'China', '2023-04-02', '2024-10-20', 'Sed sagittis.');
insert into Airline (airline_id, airline_code, airline_name, airline_country, created_at, updated_at, info) values (140, 'OM658', 'Mraz, Fisher and Ruecker', 'France', '2024-01-02', '2024-11-14', 'Maecenas tincidunt lacus at velit.');
insert into Airline (airline_id, airline_code, airline_name, airline_country, created_at, updated_at, info) values (141, 'YY470', 'Nolan-Balistreri', 'Philippines', '2024-03-29', '2024-11-08', 'Vestibulum ante ipsum primis in faucibus orci luctus et ultrices posuere cubilia Curae; Nulla dapibus dolor vel est.');
insert into Airline (airline_id, airline_code, airline_name, airline_country, created_at, updated_at, info) values (142, 'KB763', 'Harber, Hirthe and Mosciski', 'Colombia', '2023-03-05', '2025-06-07', 'Morbi odio odio, elementum eu, interdum eu, tincidunt in, leo.');
insert into Airline (airline_id, airline_code, airline_name, airline_country, created_at, updated_at, info) values (143, 'AY647', 'Schmitt-Renner', 'Greece', '2024-07-22', '2025-09-06', 'Maecenas pulvinar lobortis est.');
insert into Airline (airline_id, airline_code, airline_name, airline_country, created_at, updated_at, info) values (144, 'EO54', 'Hayes-Lind', 'Argentina', '2022-11-02', '2025-05-20', 'Maecenas ut massa quis augue luctus tincidunt.');
insert into Airline (airline_id, airline_code, airline_name, airline_country, created_at, updated_at, info) values (145, 'FB820', 'Greenholt Group', 'Indonesia', '2023-12-16', '2025-04-25', 'Nulla nisl.');
insert into Airline (airline_id, airline_code, airline_name, airline_country, created_at, updated_at, info) values (146, 'XN77', 'Zieme LLC', 'Japan', '2022-11-26', '2024-12-03', 'Etiam faucibus cursus urna.');
insert into Airline (airline_id, airline_code, airline_name, airline_country, created_at, updated_at, info) values (147, 'AH03', 'Armstrong LLC', 'Indonesia', '2024-02-27', '2024-10-25', 'Integer a nibh.');
insert into Airline (airline_id, airline_code, airline_name, airline_country, created_at, updated_at, info) values (148, 'MG36', 'Lang, Frami and Schimmel', 'Bosnia and Herzegovina', '2023-04-16', '2025-08-30', 'Vestibulum quam sapien, varius ut, blandit non, interdum in, ante.');
insert into Airline (airline_id, airline_code, airline_name, airline_country, created_at, updated_at, info) values (149, 'CP69', 'Collins-Pfeffer', 'Brazil', '2023-04-24', '2025-02-11', 'Duis mattis egestas metus.');
insert into Airline (airline_id, airline_code, airline_name, airline_country, created_at, updated_at, info) values (150, 'FV79', 'Stanton, Rosenbaum and Brekke', 'Mexico', '2024-07-11', '2025-01-12', 'Suspendisse ornare consequat lectus.');
insert into Airline (airline_id, airline_code, airline_name, airline_country, created_at, updated_at, info) values (151, 'QG25', 'Dooley-Jerde', 'Jordan', '2023-08-19', '2025-08-06', 'Vestibulum ante ipsum primis in faucibus orci luctus et ultrices posuere cubilia Curae; Mauris viverra diam vitae quam.');
insert into Airline (airline_id, airline_code, airline_name, airline_country, created_at, updated_at, info) values (152, 'DX462', 'Kozey-Stehr', 'Brazil', '2024-04-16', '2025-07-22', 'Nulla ut erat id mauris vulputate elementum.');
insert into Airline (airline_id, airline_code, airline_name, airline_country, created_at, updated_at, info) values (153, 'NV20', 'Keeling, Hane and Rau', 'Poland', '2023-12-10', '2025-01-02', 'Nulla nisl.');
insert into Airline (airline_id, airline_code, airline_name, airline_country, created_at, updated_at, info) values (154, 'OV71', 'Kerluke-Lesch', 'Ukraine', '2023-03-14', '2025-04-27', 'Lorem ipsum dolor sit amet, consectetuer adipiscing elit.');
insert into Airline (airline_id, airline_code, airline_name, airline_country, created_at, updated_at, info) values (155, 'UL529', 'Carter-O''Connell', 'Peru', '2024-03-20', '2025-06-05', 'Aenean sit amet justo.');
insert into Airline (airline_id, airline_code, airline_name, airline_country, created_at, updated_at, info) values (156, 'AJ653', 'Hahn LLC', 'Greece', '2023-07-25', '2024-12-13', 'Nulla mollis molestie lorem.');
insert into Airline (airline_id, airline_code, airline_name, airline_country, created_at, updated_at, info) values (157, 'XK415', 'Skiles, Yundt and Rohan', 'Afghanistan', '2023-03-28', '2025-07-20', 'Aliquam sit amet diam in magna bibendum imperdiet.');
insert into Airline (airline_id, airline_code, airline_name, airline_country, created_at, updated_at, info) values (158, 'PI31', 'Schoen-Greenfelder', 'Philippines', '2024-02-12', '2025-07-02', 'Aliquam augue quam, sollicitudin vitae, consectetuer eget, rutrum at, lorem.');
insert into Airline (airline_id, airline_code, airline_name, airline_country, created_at, updated_at, info) values (159, 'KH92', 'Kihn, Dooley and Hessel', 'China', '2023-11-21', '2025-09-11', 'Praesent blandit.');
insert into Airline (airline_id, airline_code, airline_name, airline_country, created_at, updated_at, info) values (160, 'BF827', 'Jacobson LLC', 'Indonesia', '2023-11-09', '2025-05-06', 'Vivamus tortor.');
insert into Airline (airline_id, airline_code, airline_name, airline_country, created_at, updated_at, info) values (161, 'TN442', 'Luettgen-Haag', 'Philippines', '2024-06-27', '2025-01-25', 'Aliquam augue quam, sollicitudin vitae, consectetuer eget, rutrum at, lorem.');
insert into Airline (airline_id, airline_code, airline_name, airline_country, created_at, updated_at, info) values (162, 'CU34', 'Kertzmann Group', 'Dominican Republic', '2024-04-03', '2025-05-04', 'Cras pellentesque volutpat dui.');
insert into Airline (airline_id, airline_code, airline_name, airline_country, created_at, updated_at, info) values (163, 'WS952', 'Feest, Jaskolski and Considine', 'Canada', '2023-12-10', '2025-06-25', 'Pellentesque viverra pede ac diam.');
insert into Airline (airline_id, airline_code, airline_name, airline_country, created_at, updated_at, info) values (164, 'BZ12', 'Bins and Sons', 'Indonesia', '2023-08-26', '2024-11-30', 'Mauris ullamcorper purus sit amet nulla.');
insert into Airline (airline_id, airline_code, airline_name, airline_country, created_at, updated_at, info) values (165, 'YK66', 'Rempel, Balistreri and Ortiz', 'Philippines', '2023-05-01', '2025-03-03', 'Aliquam erat volutpat.');
insert into Airline (airline_id, airline_code, airline_name, airline_country, created_at, updated_at, info) values (166, 'ES74', 'Tillman LLC', 'Palestinian Territory', '2022-12-31', '2025-04-06', 'Suspendisse accumsan tortor quis turpis.');
insert into Airline (airline_id, airline_code, airline_name, airline_country, created_at, updated_at, info) values (167, 'LQ86', 'Spencer, Kuhn and Lockman', 'Dominican Republic', '2024-01-20', '2025-01-17', 'Nunc purus.');
insert into Airline (airline_id, airline_code, airline_name, airline_country, created_at, updated_at, info) values (168, 'AY59', 'Keeling Inc', 'Philippines', '2024-08-22', '2024-10-27', 'Sed accumsan felis.');
insert into Airline (airline_id, airline_code, airline_name, airline_country, created_at, updated_at, info) values (169, 'MR68', 'Howell-Corwin', 'Mexico', '2023-04-30', '2025-01-25', 'Nunc nisl.');
insert into Airline (airline_id, airline_code, airline_name, airline_country, created_at, updated_at, info) values (170, 'JF16', 'Erdman-Schaefer', 'China', '2022-11-25', '2025-06-21', 'Sed ante.');
insert into Airline (airline_id, airline_code, airline_name, airline_country, created_at, updated_at, info) values (171, 'CT08', 'Schuppe Inc', 'China', '2023-08-31', '2025-03-11', 'Morbi odio odio, elementum eu, interdum eu, tincidunt in, leo.');
insert into Airline (airline_id, airline_code, airline_name, airline_country, created_at, updated_at, info) values (172, 'HU465', 'Bogisich-Bayer', 'Philippines', '2024-05-04', '2024-12-19', 'Nam nulla.');
insert into Airline (airline_id, airline_code, airline_name, airline_country, created_at, updated_at, info) values (173, 'AF284', 'Macejkovic, Bayer and Gorczany', 'Indonesia', '2023-11-01', '2025-08-02', 'Quisque arcu libero, rutrum ac, lobortis vel, dapibus at, diam.');
insert into Airline (airline_id, airline_code, airline_name, airline_country, created_at, updated_at, info) values (174, 'MN213', 'Davis, Kessler and Feest', 'China', '2024-04-18', '2025-03-06', 'Cum sociis natoque penatibus et magnis dis parturient montes, nascetur ridiculus mus.');
insert into Airline (airline_id, airline_code, airline_name, airline_country, created_at, updated_at, info) values (175, 'DL511', 'Schuppe-Kshlerin', 'Poland', '2023-10-13', '2025-04-24', 'Aliquam sit amet diam in magna bibendum imperdiet.');
insert into Airline (airline_id, airline_code, airline_name, airline_country, created_at, updated_at, info) values (176, 'OH85', 'Pacocha Group', 'China', '2022-10-18', '2025-08-28', 'In eleifend quam a odio.');
insert into Airline (airline_id, airline_code, airline_name, airline_country, created_at, updated_at, info) values (177, 'LB60', 'Koepp-Friesen', 'Albania', '2024-06-27', '2025-04-27', 'Suspendisse ornare consequat lectus.');
insert into Airline (airline_id, airline_code, airline_name, airline_country, created_at, updated_at, info) values (178, 'LK87', 'Mohr and Sons', 'Faroe Islands', '2024-01-10', '2025-07-02', 'Quisque arcu libero, rutrum ac, lobortis vel, dapibus at, diam.');
insert into Airline (airline_id, airline_code, airline_name, airline_country, created_at, updated_at, info) values (179, 'LR168', 'Cassin Group', 'Philippines', '2024-09-03', '2025-01-26', 'Mauris ullamcorper purus sit amet nulla.');
insert into Airline (airline_id, airline_code, airline_name, airline_country, created_at, updated_at, info) values (180, 'OA90', 'Koch-Harvey', 'China', '2023-12-28', '2025-07-26', 'Nulla mollis molestie lorem.');
insert into Airline (airline_id, airline_code, airline_name, airline_country, created_at, updated_at, info) values (181, 'GL516', 'Nienow and Sons', 'Libya', '2023-12-10', '2025-01-18', 'Aliquam erat volutpat.');
insert into Airline (airline_id, airline_code, airline_name, airline_country, created_at, updated_at, info) values (182, 'JF47', 'Swift-Stanton', 'Poland', '2023-10-07', '2024-09-28', 'Integer non velit.');
insert into Airline (airline_id, airline_code, airline_name, airline_country, created_at, updated_at, info) values (183, 'ZJ725', 'Denesik and Sons', 'Bangladesh', '2023-04-18', '2024-09-28', 'Quisque porta volutpat erat.');
insert into Airline (airline_id, airline_code, airline_name, airline_country, created_at, updated_at, info) values (184, 'UQ152', 'Hand, Hahn and Dicki', 'Poland', '2024-08-04', '2024-10-18', 'Nullam sit amet turpis elementum ligula vehicula consequat.');
insert into Airline (airline_id, airline_code, airline_name, airline_country, created_at, updated_at, info) values (185, 'XO713', 'Feeney and Sons', 'Russia', '2023-09-24', '2024-11-25', 'Nulla ac enim.');
insert into Airline (airline_id, airline_code, airline_name, airline_country, created_at, updated_at, info) values (186, 'IW677', 'Flatley, Walter and Hane', 'Brazil', '2023-04-19', '2025-09-17', 'Ut at dolor quis odio consequat varius.');
insert into Airline (airline_id, airline_code, airline_name, airline_country, created_at, updated_at, info) values (187, 'CO798', 'Halvorson-Batz', 'Czech Republic', '2023-10-10', '2025-03-10', 'Aliquam sit amet diam in magna bibendum imperdiet.');
insert into Airline (airline_id, airline_code, airline_name, airline_country, created_at, updated_at, info) values (188, 'QF440', 'Wilkinson, Kassulke and Hayes', 'South Korea', '2024-05-18', '2025-01-01', 'Vestibulum sed magna at nunc commodo placerat.');
insert into Airline (airline_id, airline_code, airline_name, airline_country, created_at, updated_at, info) values (189, 'IJ40', 'Johnson, Bosco and Weimann', 'Indonesia', '2024-01-02', '2025-04-16', 'Maecenas tincidunt lacus at velit.');
insert into Airline (airline_id, airline_code, airline_name, airline_country, created_at, updated_at, info) values (190, 'VO381', 'Lind and Sons', 'Djibouti', '2024-04-17', '2024-12-11', 'Morbi vel lectus in quam fringilla rhoncus.');
insert into Airline (airline_id, airline_code, airline_name, airline_country, created_at, updated_at, info) values (191, 'RN886', 'Haag Inc', 'Philippines', '2023-01-14', '2025-07-01', 'In tempor, turpis nec euismod scelerisque, quam turpis adipiscing lorem, vitae mattis nibh ligula nec sem.');
insert into Airline (airline_id, airline_code, airline_name, airline_country, created_at, updated_at, info) values (192, 'VX35', 'Kshlerin-Kulas', 'Sweden', '2024-03-29', '2025-01-20', 'Mauris enim leo, rhoncus sed, vestibulum sit amet, cursus id, turpis.');
insert into Airline (airline_id, airline_code, airline_name, airline_country, created_at, updated_at, info) values (193, 'JF732', 'Hartmann-Brekke', 'Brazil', '2024-02-03', '2024-09-23', 'Vivamus vestibulum sagittis sapien.');
insert into Airline (airline_id, airline_code, airline_name, airline_country, created_at, updated_at, info) values (194, 'NW417', 'Schimmel and Sons', 'China', '2024-04-23', '2025-06-27', 'Etiam faucibus cursus urna.');
insert into Airline (airline_id, airline_code, airline_name, airline_country, created_at, updated_at, info) values (195, 'TZ875', 'Rohan-Botsford', 'Poland', '2023-08-04', '2024-12-17', 'Mauris enim leo, rhoncus sed, vestibulum sit amet, cursus id, turpis.');
insert into Airline (airline_id, airline_code, airline_name, airline_country, created_at, updated_at, info) values (196, 'CH76', 'Feeney, Lowe and Keeling', 'Philippines', '2024-02-28', '2024-10-15', 'In quis justo.');
insert into Airline (airline_id, airline_code, airline_name, airline_country, created_at, updated_at, info) values (197, 'ZO05', 'Stiedemann, Reichel and Brakus', 'France', '2022-12-06', '2025-02-09', 'Vestibulum ante ipsum primis in faucibus orci luctus et ultrices posuere cubilia Curae; Duis faucibus accumsan odio.');
insert into Airline (airline_id, airline_code, airline_name, airline_country, created_at, updated_at, info) values (198, 'EQ387', 'Tremblay and Sons', 'China', '2024-02-27', '2024-11-20', 'Nunc nisl.');
insert into Airline (airline_id, airline_code, airline_name, airline_country, created_at, updated_at, info) values (199, 'RT799', 'Nikolaus Group', 'Denmark', '2023-04-19', '2025-04-17', 'Integer aliquet, massa id lobortis convallis, tortor risus dapibus augue, vel accumsan tellus nisi eu orci.');
insert into Airline (airline_id, airline_code, airline_name, airline_country, created_at, updated_at, info) values (200, 'CA63', 'Bernhard, Barton and Wisozk', 'Russia', '2023-03-10', '2025-08-04', 'Mauris enim leo, rhoncus sed, vestibulum sit amet, cursus id, turpis.');

insert into Airport (airport_id, airport_name, country, state, city, created_at, updated_at) values (1, 'Points North Landing Airport', 'United States', 'Texas', 'Austin', '2022-12-07', '2025-07-23');
insert into Airport (airport_id, airport_name, country, state, city, created_at, updated_at) values (2, 'K. D. Matanzima Airport', 'United States', 'Minnesota', 'Monticello', '2022-11-27', '2024-12-16');
insert into Airport (airport_id, airport_name, country, state, city, created_at, updated_at) values (3, 'Taltheilei Narrows Airport', 'United States', 'New York', 'Brooklyn', '2024-07-21', '2024-10-03');
insert into Airport (airport_id, airport_name, country, state, city, created_at, updated_at) values (4, 'Antlers Municipal Airport', 'United States', 'Texas', 'Dallas', '2023-11-29', '2025-06-14');
insert into Airport (airport_id, airport_name, country, state, city, created_at, updated_at) values (5, 'Ken Jones Airport', 'United States', 'Texas', 'El Paso', '2023-04-28', '2025-09-08');
insert into Airport (airport_id, airport_name, country, state, city, created_at, updated_at) values (6, 'Fort Mackay / Horizon Airport', 'United States', 'Colorado', 'Denver', '2024-01-22', '2025-05-05');
insert into Airport (airport_id, airport_name, country, state, city, created_at, updated_at) values (7, 'Fort Mackay / Firebag', 'United States', 'Texas', 'Houston', '2023-09-30', '2025-06-23');
insert into Airport (airport_id, airport_name, country, state, city, created_at, updated_at) values (8, 'Monte Alegre Airport', 'United States', 'California', 'Fresno', '2022-12-10', '2025-04-03');
insert into Airport (airport_id, airport_name, country, state, city, created_at, updated_at) values (9, 'Bemolanga Airport', 'United States', 'Ohio', 'Cincinnati', '2023-06-03', '2025-08-10');
insert into Airport (airport_id, airport_name, country, state, city, created_at, updated_at) values (10, 'The Ohio State University Airport - Don Scott Field', 'United States', 'Virginia', 'Fredericksburg', '2022-10-07', '2025-07-27');
insert into Airport (airport_id, airport_name, country, state, city, created_at, updated_at) values (11, 'La Macaza / Mont-Tremblant International Inc Airport', 'United States', 'Mississippi', 'Hattiesburg', '2023-10-17', '2024-12-18');
insert into Airport (airport_id, airport_name, country, state, city, created_at, updated_at) values (12, 'Wyndham Airport', 'United States', 'North Carolina', 'Charlotte', '2023-11-17', '2024-12-23');
insert into Airport (airport_id, airport_name, country, state, city, created_at, updated_at) values (13, 'Big Spring Mc Mahon-Wrinkle Airport', 'United States', 'Iowa', 'Des Moines', '2022-10-15', '2025-01-20');
insert into Airport (airport_id, airport_name, country, state, city, created_at, updated_at) values (14, 'Kunua Airport', 'United States', 'Florida', 'Orlando', '2024-05-29', '2024-11-13');
insert into Airport (airport_id, airport_name, country, state, city, created_at, updated_at) values (15, 'Tupelo Regional Airport', 'United States', 'Illinois', 'Springfield', '2023-12-30', '2024-09-29');
insert into Airport (airport_id, airport_name, country, state, city, created_at, updated_at) values (16, 'Rincon De Los Sauces Airport', 'United States', 'Florida', 'Sarasota', '2024-06-20', '2025-06-18');
insert into Airport (airport_id, airport_name, country, state, city, created_at, updated_at) values (17, 'Mkambati Airport', 'United States', 'New York', 'Syracuse', '2023-10-08', '2024-12-13');
insert into Airport (airport_id, airport_name, country, state, city, created_at, updated_at) values (18, 'Stockholm-Arlanda Airport', 'United States', 'California', 'Stockton', '2023-10-02', '2024-11-27');
insert into Airport (airport_id, airport_name, country, state, city, created_at, updated_at) values (19, 'Kemi-Tornio Airport', 'United States', 'Pennsylvania', 'Philadelphia', '2023-10-03', '2025-08-07');
insert into Airport (airport_id, airport_name, country, state, city, created_at, updated_at) values (20, 'Andros Town Airport', 'United States', 'New York', 'Brooklyn', '2022-09-24', '2025-03-24');
insert into Airport (airport_id, airport_name, country, state, city, created_at, updated_at) values (21, 'Simn Bolvar International Airport', 'United States', 'Indiana', 'Gary', '2023-10-28', '2025-02-24');
insert into Airport (airport_id, airport_name, country, state, city, created_at, updated_at) values (22, 'Wawoi Falls Airport', 'United States', 'Michigan', 'Lansing', '2023-01-10', '2024-11-02');
insert into Airport (airport_id, airport_name, country, state, city, created_at, updated_at) values (23, 'Beni Mellal Airport', 'United States', 'Wisconsin', 'Appleton', '2023-08-14', '2025-03-14');
insert into Airport (airport_id, airport_name, country, state, city, created_at, updated_at) values (24, 'Kasiguncu Airport', 'United States', 'Florida', 'Tallahassee', '2024-09-21', '2025-09-17');
insert into Airport (airport_id, airport_name, country, state, city, created_at, updated_at) values (25, 'Nal Airport', 'United States', 'Indiana', 'Indianapolis', '2023-06-02', '2024-10-12');
insert into Airport (airport_id, airport_name, country, state, city, created_at, updated_at) values (26, 'El Dorado Airport', 'United States', 'Massachusetts', 'New Bedford', '2023-07-25', '2025-06-29');
insert into Airport (airport_id, airport_name, country, state, city, created_at, updated_at) values (27, 'Yerington Municipal Airport', 'United States', 'Mississippi', 'Jackson', '2023-09-27', '2025-04-02');
insert into Airport (airport_id, airport_name, country, state, city, created_at, updated_at) values (28, 'Armidale Airport', 'United States', 'District of Columbia', 'Washington', '2024-02-21', '2024-10-16');
insert into Airport (airport_id, airport_name, country, state, city, created_at, updated_at) values (29, 'Jlio de Castilho Airport', 'United States', 'Indiana', 'Fort Wayne', '2023-01-07', '2025-06-28');
insert into Airport (airport_id, airport_name, country, state, city, created_at, updated_at) values (30, 'Tenente Lund Pressoto Airport', 'United States', 'Colorado', 'Colorado Springs', '2023-11-10', '2025-04-07');
insert into Airport (airport_id, airport_name, country, state, city, created_at, updated_at) values (31, 'Captain Ramon Xatruch Airport', 'United States', 'California', 'Fresno', '2023-05-03', '2025-05-30');
insert into Airport (airport_id, airport_name, country, state, city, created_at, updated_at) values (32, 'Colinas Airport', 'United States', 'Alabama', 'Mobile', '2023-05-13', '2024-12-13');
insert into Airport (airport_id, airport_name, country, state, city, created_at, updated_at) values (33, 'Gostomel Airport', 'United States', 'Texas', 'Conroe', '2024-01-27', '2025-06-25');
insert into Airport (airport_id, airport_name, country, state, city, created_at, updated_at) values (34, 'Kenneth Kaunda International Airport Lusaka', 'United States', 'North Carolina', 'Asheville', '2023-04-02', '2024-11-06');
insert into Airport (airport_id, airport_name, country, state, city, created_at, updated_at) values (35, 'Presidente Itamar Franco Airport', 'United States', 'Colorado', 'Pueblo', '2024-08-28', '2025-03-31');
insert into Airport (airport_id, airport_name, country, state, city, created_at, updated_at) values (36, 'Yelizovo Airport', 'United States', 'Alabama', 'Montgomery', '2023-12-06', '2025-06-07');
insert into Airport (airport_id, airport_name, country, state, city, created_at, updated_at) values (37, 'Chute-Des-Passes/Lac Margane Seaplane Base', 'United States', 'Texas', 'Houston', '2022-10-26', '2024-10-15');
insert into Airport (airport_id, airport_name, country, state, city, created_at, updated_at) values (38, 'Asheville Regional Airport', 'United States', 'North Carolina', 'Raleigh', '2023-06-09', '2025-04-22');
insert into Airport (airport_id, airport_name, country, state, city, created_at, updated_at) values (39, 'Ponta Por Airport', 'United States', 'Nevada', 'Reno', '2022-11-30', '2025-02-15');
insert into Airport (airport_id, airport_name, country, state, city, created_at, updated_at) values (40, 'Chengde Puning Airport', 'United States', 'Texas', 'Houston', '2023-05-06', '2025-01-24');
insert into Airport (airport_id, airport_name, country, state, city, created_at, updated_at) values (41, 'Makoua Airport', 'United States', 'Washington', 'Seattle', '2024-05-03', '2025-05-30');
insert into Airport (airport_id, airport_name, country, state, city, created_at, updated_at) values (42, 'Bhatinda Air Force Station', 'United States', 'West Virginia', 'Huntington', '2024-04-27', '2024-10-18');
insert into Airport (airport_id, airport_name, country, state, city, created_at, updated_at) values (43, 'Duxford Aerodrome', 'United States', 'California', 'Los Angeles', '2023-10-23', '2025-02-15');
insert into Airport (airport_id, airport_name, country, state, city, created_at, updated_at) values (44, 'anlurfa Airport', 'United States', 'Virginia', 'Springfield', '2024-01-03', '2024-12-31');
insert into Airport (airport_id, airport_name, country, state, city, created_at, updated_at) values (45, 'Holy Cross Airport', 'United States', 'Colorado', 'Denver', '2022-11-25', '2025-01-09');
insert into Airport (airport_id, airport_name, country, state, city, created_at, updated_at) values (46, 'Garbaharey Airport', 'United States', 'Colorado', 'Denver', '2023-11-18', '2025-08-17');
insert into Airport (airport_id, airport_name, country, state, city, created_at, updated_at) values (47, 'Kdougou Airport', 'United States', 'California', 'San Diego', '2022-11-21', '2025-07-27');
insert into Airport (airport_id, airport_name, country, state, city, created_at, updated_at) values (48, 'Charters Towers Airport', 'United States', 'South Carolina', 'Charleston', '2023-10-17', '2025-03-15');
insert into Airport (airport_id, airport_name, country, state, city, created_at, updated_at) values (49, 'Magnitogorsk International Airport', 'United States', 'Louisiana', 'New Orleans', '2022-10-26', '2025-03-15');
insert into Airport (airport_id, airport_name, country, state, city, created_at, updated_at) values (50, 'Space Coast Regional Airport', 'United States', 'Pennsylvania', 'Philadelphia', '2024-05-25', '2025-01-25');
insert into Airport (airport_id, airport_name, country, state, city, created_at, updated_at) values (51, 'Diori Hamani International Airport', 'United States', 'Florida', 'Fort Lauderdale', '2023-08-11', '2024-10-21');
insert into Airport (airport_id, airport_name, country, state, city, created_at, updated_at) values (52, 'Tok Junction Airport', 'United States', 'District of Columbia', 'Washington', '2024-08-26', '2024-12-24');
insert into Airport (airport_id, airport_name, country, state, city, created_at, updated_at) values (53, 'Malaimbandy Airport', 'United States', 'Nevada', 'Reno', '2023-10-23', '2025-07-24');
insert into Airport (airport_id, airport_name, country, state, city, created_at, updated_at) values (54, 'Noonkanbah Airport', 'United States', 'Arizona', 'Tucson', '2023-06-09', '2025-01-10');
insert into Airport (airport_id, airport_name, country, state, city, created_at, updated_at) values (55, 'Hewanorra International Airport', 'United States', 'Wisconsin', 'Madison', '2023-10-08', '2024-12-23');
insert into Airport (airport_id, airport_name, country, state, city, created_at, updated_at) values (56, 'Tselserleg Airport', 'United States', 'Ohio', 'Akron', '2023-11-17', '2024-12-20');
insert into Airport (airport_id, airport_name, country, state, city, created_at, updated_at) values (57, 'Xinyuan Nalati Airport', 'United States', 'Delaware', 'Wilmington', '2024-08-14', '2024-11-07');
insert into Airport (airport_id, airport_name, country, state, city, created_at, updated_at) values (58, 'Hon Airport', 'United States', 'Florida', 'Tampa', '2024-07-23', '2024-12-07');
insert into Airport (airport_id, airport_name, country, state, city, created_at, updated_at) values (59, 'Marion County Regional Airport', 'United States', 'Connecticut', 'New Haven', '2023-06-13', '2025-08-29');
insert into Airport (airport_id, airport_name, country, state, city, created_at, updated_at) values (60, 'King Khaled Air Base', 'United States', 'Ohio', 'Dayton', '2022-12-14', '2025-07-18');
insert into Airport (airport_id, airport_name, country, state, city, created_at, updated_at) values (61, 'Miami International Airport', 'United States', 'West Virginia', 'Huntington', '2023-06-04', '2025-03-26');
insert into Airport (airport_id, airport_name, country, state, city, created_at, updated_at) values (62, 'Ithaca Tompkins Regional Airport', 'United States', 'Iowa', 'Des Moines', '2023-06-16', '2025-09-13');
insert into Airport (airport_id, airport_name, country, state, city, created_at, updated_at) values (63, 'Lorraine Airport', 'United States', 'Florida', 'Miami', '2023-06-20', '2025-04-25');
insert into Airport (airport_id, airport_name, country, state, city, created_at, updated_at) values (64, 'Sharjah International Airport', 'United States', 'Florida', 'Orlando', '2023-03-14', '2025-02-03');
insert into Airport (airport_id, airport_name, country, state, city, created_at, updated_at) values (65, 'Chinchilla Airport', 'United States', 'Iowa', 'Cedar Rapids', '2024-07-14', '2025-01-20');
insert into Airport (airport_id, airport_name, country, state, city, created_at, updated_at) values (66, 'Figari Sud-Corse Airport', 'United States', 'Illinois', 'Chicago', '2024-02-10', '2024-10-21');
insert into Airport (airport_id, airport_name, country, state, city, created_at, updated_at) values (67, 'Kamina Base Airport', 'United States', 'Nebraska', 'Omaha', '2022-11-07', '2025-01-23');
insert into Airport (airport_id, airport_name, country, state, city, created_at, updated_at) values (68, 'Los Angeles International Airport', 'United States', 'Texas', 'Gatesville', '2023-04-15', '2025-08-16');
insert into Airport (airport_id, airport_name, country, state, city, created_at, updated_at) values (69, 'Louis Armstrong New Orleans International Airport', 'United States', 'California', 'Fresno', '2023-05-06', '2025-07-04');
insert into Airport (airport_id, airport_name, country, state, city, created_at, updated_at) values (70, 'Talakan Airport', 'United States', 'Ohio', 'Youngstown', '2022-10-10', '2024-09-27');
insert into Airport (airport_id, airport_name, country, state, city, created_at, updated_at) values (71, 'Birch Creek Airport', 'United States', 'District of Columbia', 'Washington', '2023-11-07', '2025-09-10');
insert into Airport (airport_id, airport_name, country, state, city, created_at, updated_at) values (72, 'Columbia Regional Airport', 'United States', 'New York', 'Albany', '2024-09-13', '2025-04-11');
insert into Airport (airport_id, airport_name, country, state, city, created_at, updated_at) values (73, 'Buri Ram Airport', 'United States', 'Texas', 'Houston', '2022-09-26', '2025-08-14');
insert into Airport (airport_id, airport_name, country, state, city, created_at, updated_at) values (74, 'Inishmaan Aerodrome', 'United States', 'Wisconsin', 'Milwaukee', '2024-02-25', '2025-07-31');
insert into Airport (airport_id, airport_name, country, state, city, created_at, updated_at) values (75, 'Hyvink Airfield', 'United States', 'Nevada', 'Las Vegas', '2024-03-03', '2025-02-28');
insert into Airport (airport_id, airport_name, country, state, city, created_at, updated_at) values (76, 'Morristown Municipal Airport', 'United States', 'New York', 'New York City', '2023-10-27', '2025-01-17');
insert into Airport (airport_id, airport_name, country, state, city, created_at, updated_at) values (77, 'Sarasota Bradenton International Airport', 'United States', 'District of Columbia', 'Washington', '2024-09-05', '2025-06-09');
insert into Airport (airport_id, airport_name, country, state, city, created_at, updated_at) values (78, 'Gulu Airport', 'United States', 'Kansas', 'Wichita', '2022-12-06', '2025-06-18');
insert into Airport (airport_id, airport_name, country, state, city, created_at, updated_at) values (79, 'Crooked Creek Airport', 'United States', 'Florida', 'Jacksonville', '2023-03-17', '2025-06-09');
insert into Airport (airport_id, airport_name, country, state, city, created_at, updated_at) values (80, 'Janakpur Airport', 'United States', 'California', 'San Jose', '2023-07-28', '2025-01-15');
insert into Airport (airport_id, airport_name, country, state, city, created_at, updated_at) values (81, 'Cheikh Larbi Tbessi Airport', 'United States', 'Ohio', 'Toledo', '2023-02-09', '2025-01-09');
insert into Airport (airport_id, airport_name, country, state, city, created_at, updated_at) values (82, 'Taylor County Airport', 'United States', 'New York', 'Albany', '2023-03-12', '2025-07-14');
insert into Airport (airport_id, airport_name, country, state, city, created_at, updated_at) values (83, 'Buariki Airport', 'United States', 'Tennessee', 'Memphis', '2023-07-05', '2025-05-12');
insert into Airport (airport_id, airport_name, country, state, city, created_at, updated_at) values (84, 'Comodoro Pedro Zanni Airport', 'United States', 'Florida', 'Tampa', '2023-06-13', '2025-02-13');
insert into Airport (airport_id, airport_name, country, state, city, created_at, updated_at) values (85, 'Indulkana Airport', 'United States', 'Oklahoma', 'Tulsa', '2024-03-12', '2024-10-31');
insert into Airport (airport_id, airport_name, country, state, city, created_at, updated_at) values (86, 'Mariscal Sucre International Airport', 'United States', 'Florida', 'Tallahassee', '2023-04-09', '2024-11-26');
insert into Airport (airport_id, airport_name, country, state, city, created_at, updated_at) values (87, 'Lekana Airport', 'United States', 'Florida', 'Fort Lauderdale', '2024-03-16', '2025-05-13');
insert into Airport (airport_id, airport_name, country, state, city, created_at, updated_at) values (88, 'Foshan Shadi Airport', 'United States', 'Alabama', 'Montgomery', '2023-12-26', '2025-05-29');
insert into Airport (airport_id, airport_name, country, state, city, created_at, updated_at) values (89, 'Villa Airport', 'United States', 'Mississippi', 'Jackson', '2024-02-21', '2025-04-19');
insert into Airport (airport_id, airport_name, country, state, city, created_at, updated_at) values (90, 'Scatsta Airport', 'United States', 'Colorado', 'Boulder', '2023-12-12', '2025-04-19');
insert into Airport (airport_id, airport_name, country, state, city, created_at, updated_at) values (91, 'Zhuhai Jinwan Airport', 'United States', 'California', 'Santa Barbara', '2024-09-17', '2025-06-10');
insert into Airport (airport_id, airport_name, country, state, city, created_at, updated_at) values (92, 'Puerto Rico Airport', 'United States', 'Louisiana', 'Baton Rouge', '2024-03-25', '2025-04-24');
insert into Airport (airport_id, airport_name, country, state, city, created_at, updated_at) values (93, 'Sardar Vallabhbhai Patel International Airport', 'United States', 'California', 'Escondido', '2023-06-10', '2025-06-13');
insert into Airport (airport_id, airport_name, country, state, city, created_at, updated_at) values (94, 'Markovo Airport', 'United States', 'Virginia', 'Roanoke', '2023-02-20', '2024-09-23');
insert into Airport (airport_id, airport_name, country, state, city, created_at, updated_at) values (95, 'Ballera Airport', 'United States', 'Iowa', 'Des Moines', '2024-09-19', '2025-09-12');
insert into Airport (airport_id, airport_name, country, state, city, created_at, updated_at) values (96, 'La Fria Airport', 'United States', 'Illinois', 'Peoria', '2024-05-19', '2025-02-10');
insert into Airport (airport_id, airport_name, country, state, city, created_at, updated_at) values (97, 'Logroo-Agoncillo Airport', 'United States', 'Nevada', 'Reno', '2024-04-22', '2025-04-09');
insert into Airport (airport_id, airport_name, country, state, city, created_at, updated_at) values (98, 'Milano Linate Airport', 'United States', 'Wisconsin', 'Racine', '2023-06-25', '2025-07-06');
insert into Airport (airport_id, airport_name, country, state, city, created_at, updated_at) values (99, 'Sivas Nuri Demira Airport', 'United States', 'Connecticut', 'Norwalk', '2024-03-29', '2025-02-19');
insert into Airport (airport_id, airport_name, country, state, city, created_at, updated_at) values (100, 'Laredo International Airport', 'United States', 'Mississippi', 'Biloxi', '2023-10-19', '2025-03-03');
insert into Airport (airport_id, airport_name, country, state, city, created_at, updated_at) values (101, 'Rivers Airport', 'United States', 'Virginia', 'Richmond', '2024-08-30', '2025-05-31');
insert into Airport (airport_id, airport_name, country, state, city, created_at, updated_at) values (102, 'Pimenta Bueno Airport', 'United States', 'Kentucky', 'Lexington', '2023-04-01', '2024-10-22');
insert into Airport (airport_id, airport_name, country, state, city, created_at, updated_at) values (103, 'Decatur HI-Way Airfield', 'United States', 'Indiana', 'South Bend', '2023-08-21', '2025-03-24');
insert into Airport (airport_id, airport_name, country, state, city, created_at, updated_at) values (104, 'Moffett Federal Airfield', 'United States', 'New York', 'Bronx', '2023-01-11', '2025-06-17');
insert into Airport (airport_id, airport_name, country, state, city, created_at, updated_at) values (105, 'Gravatai Airport', 'United States', 'South Dakota', 'Sioux Falls', '2023-09-14', '2025-07-27');
insert into Airport (airport_id, airport_name, country, state, city, created_at, updated_at) values (106, 'Three Rivers Municipal Dr Haines Airport', 'United States', 'Texas', 'El Paso', '2024-06-21', '2025-07-14');
insert into Airport (airport_id, airport_name, country, state, city, created_at, updated_at) values (107, 'Port Harcourt International Airport', 'United States', 'New York', 'Utica', '2022-10-07', '2025-05-20');
insert into Airport (airport_id, airport_name, country, state, city, created_at, updated_at) values (108, 'Nakhon Ratchasima Airport', 'United States', 'Massachusetts', 'Boston', '2023-09-16', '2025-05-03');
insert into Airport (airport_id, airport_name, country, state, city, created_at, updated_at) values (109, 'Punta Chivato Airport', 'United States', 'Indiana', 'Indianapolis', '2023-12-03', '2025-01-21');
insert into Airport (airport_id, airport_name, country, state, city, created_at, updated_at) values (110, 'Trivandrum International Airport', 'United States', 'New York', 'Jamaica', '2024-07-22', '2025-09-20');
insert into Airport (airport_id, airport_name, country, state, city, created_at, updated_at) values (111, 'Buckley Air Force Base', 'United States', 'Virginia', 'Roanoke', '2024-06-27', '2025-01-20');
insert into Airport (airport_id, airport_name, country, state, city, created_at, updated_at) values (112, 'Spirit Lake Municipal Airport', 'United States', 'Florida', 'Saint Petersburg', '2024-04-26', '2025-07-27');
insert into Airport (airport_id, airport_name, country, state, city, created_at, updated_at) values (113, 'Dover Air Force Base', 'United States', 'Alabama', 'Birmingham', '2024-01-10', '2025-01-09');
insert into Airport (airport_id, airport_name, country, state, city, created_at, updated_at) values (114, 'Converse County Airport', 'United States', 'Texas', 'Austin', '2024-04-27', '2025-03-08');
insert into Airport (airport_id, airport_name, country, state, city, created_at, updated_at) values (115, 'Caviahue Airport', 'United States', 'Florida', 'Lakeland', '2024-06-05', '2025-01-31');
insert into Airport (airport_id, airport_name, country, state, city, created_at, updated_at) values (116, 'Port of Poulsbo Marina Moorage Seaplane Base', 'United States', 'Texas', 'Austin', '2024-06-24', '2025-06-02');
insert into Airport (airport_id, airport_name, country, state, city, created_at, updated_at) values (117, 'Aeropuerto "General Tomas de Heres". Ciudad Bolivar', 'United States', 'Washington', 'Seattle', '2024-07-12', '2025-03-15');
insert into Airport (airport_id, airport_name, country, state, city, created_at, updated_at) values (118, 'Cheraw Municipal Airport/Lynch Bellinger Field', 'United States', 'Minnesota', 'Saint Cloud', '2024-06-19', '2024-12-27');
insert into Airport (airport_id, airport_name, country, state, city, created_at, updated_at) values (119, 'Lae Island Airport', 'United States', 'Ohio', 'Mansfield', '2023-07-13', '2024-11-12');
insert into Airport (airport_id, airport_name, country, state, city, created_at, updated_at) values (120, 'Colmar-Houssen Airport', 'United States', 'New York', 'Albany', '2024-04-07', '2025-06-12');
insert into Airport (airport_id, airport_name, country, state, city, created_at, updated_at) values (121, 'Bembridge Airport', 'United States', 'Tennessee', 'Memphis', '2022-10-13', '2025-03-11');
insert into Airport (airport_id, airport_name, country, state, city, created_at, updated_at) values (122, 'Portland Troutdale Airport', 'United States', 'New York', 'New York City', '2024-05-28', '2024-10-17');
insert into Airport (airport_id, airport_name, country, state, city, created_at, updated_at) values (123, 'Marseille Provence Airport', 'United States', 'Michigan', 'Lansing', '2023-01-17', '2025-02-14');
insert into Airport (airport_id, airport_name, country, state, city, created_at, updated_at) values (124, 'Gnarowein Airport', 'United States', 'Illinois', 'Carol Stream', '2022-11-17', '2024-12-03');
insert into Airport (airport_id, airport_name, country, state, city, created_at, updated_at) values (125, 'Kansas City International Airport', 'United States', 'Connecticut', 'Norwalk', '2024-01-02', '2024-10-14');
insert into Airport (airport_id, airport_name, country, state, city, created_at, updated_at) values (126, 'Tjilik Riwut Airport', 'United States', 'Texas', 'Austin', '2024-04-06', '2025-08-12');
insert into Airport (airport_id, airport_name, country, state, city, created_at, updated_at) values (127, 'Bornholm Airport', 'United States', 'Washington', 'Seattle', '2024-08-30', '2025-04-11');
insert into Airport (airport_id, airport_name, country, state, city, created_at, updated_at) values (128, 'Kingaroy Airport', 'United States', 'Indiana', 'Indianapolis', '2023-07-22', '2024-12-05');
insert into Airport (airport_id, airport_name, country, state, city, created_at, updated_at) values (129, 'Zamora Airport', 'United States', 'California', 'San Diego', '2023-07-25', '2025-01-31');
insert into Airport (airport_id, airport_name, country, state, city, created_at, updated_at) values (130, 'Malcolm McKinnon Airport', 'United States', 'California', 'Bakersfield', '2023-01-22', '2025-05-31');
insert into Airport (airport_id, airport_name, country, state, city, created_at, updated_at) values (131, 'Benbecula Airport', 'United States', 'New York', 'Elmira', '2023-08-13', '2025-09-04');
insert into Airport (airport_id, airport_name, country, state, city, created_at, updated_at) values (132, 'Skypark Airport', 'United States', 'Florida', 'Fort Myers', '2024-01-15', '2025-06-18');
insert into Airport (airport_id, airport_name, country, state, city, created_at, updated_at) values (133, 'Nanortalik Heliport', 'United States', 'Florida', 'Miami', '2023-08-17', '2024-12-18');
insert into Airport (airport_id, airport_name, country, state, city, created_at, updated_at) values (134, 'St. Lewis (Fox Harbour) Airport', 'United States', 'Indiana', 'Indianapolis', '2023-09-17', '2024-10-31');
insert into Airport (airport_id, airport_name, country, state, city, created_at, updated_at) values (135, 'Chernofski Harbor Seaplane Base', 'United States', 'District of Columbia', 'Washington', '2023-04-02', '2025-05-12');
insert into Airport (airport_id, airport_name, country, state, city, created_at, updated_at) values (136, 'Donskoye Airport', 'United States', 'California', 'Sacramento', '2022-10-20', '2025-05-08');
insert into Airport (airport_id, airport_name, country, state, city, created_at, updated_at) values (137, 'Koyuk Alfred Adams Airport', 'United States', 'New York', 'Flushing', '2024-04-21', '2025-04-04');
insert into Airport (airport_id, airport_name, country, state, city, created_at, updated_at) values (138, 'Tillamook Airport', 'United States', 'Arizona', 'Phoenix', '2023-04-16', '2025-04-06');
insert into Airport (airport_id, airport_name, country, state, city, created_at, updated_at) values (139, 'Botucatu - Tancredo de Almeida Neves Airport', 'United States', 'Texas', 'Fort Worth', '2022-10-08', '2025-08-13');
insert into Airport (airport_id, airport_name, country, state, city, created_at, updated_at) values (140, 'Ontario Municipal Airport', 'United States', 'Missouri', 'Columbia', '2024-03-17', '2025-01-29');
insert into Airport (airport_id, airport_name, country, state, city, created_at, updated_at) values (141, 'Las Malvinas/Echarate Airport', 'United States', 'Louisiana', 'Lake Charles', '2022-12-08', '2025-08-05');
insert into Airport (airport_id, airport_name, country, state, city, created_at, updated_at) values (142, 'Kirensk Airport', 'United States', 'California', 'Santa Rosa', '2023-04-12', '2025-03-13');
insert into Airport (airport_id, airport_name, country, state, city, created_at, updated_at) values (143, 'Coolibah Airport', 'United States', 'Connecticut', 'New Haven', '2024-01-11', '2025-06-02');
insert into Airport (airport_id, airport_name, country, state, city, created_at, updated_at) values (144, 'Springbok Airport', 'United States', 'Arizona', 'Phoenix', '2024-02-18', '2025-08-28');
insert into Airport (airport_id, airport_name, country, state, city, created_at, updated_at) values (145, 'Baotou Airport', 'United States', 'South Carolina', 'Myrtle Beach', '2023-03-20', '2025-03-09');
insert into Airport (airport_id, airport_name, country, state, city, created_at, updated_at) values (146, 'Suabi Airport', 'United States', 'Virginia', 'Roanoke', '2024-01-27', '2025-02-24');
insert into Airport (airport_id, airport_name, country, state, city, created_at, updated_at) values (147, 'Moshoeshoe I International Airport', 'United States', 'Illinois', 'Peoria', '2023-07-24', '2025-06-20');
insert into Airport (airport_id, airport_name, country, state, city, created_at, updated_at) values (148, 'Bruce Campbell Field', 'United States', 'Oklahoma', 'Tulsa', '2024-03-27', '2024-09-24');
insert into Airport (airport_id, airport_name, country, state, city, created_at, updated_at) values (149, 'Uribe Airport', 'United States', 'Texas', 'Midland', '2023-01-25', '2024-12-09');
insert into Airport (airport_id, airport_name, country, state, city, created_at, updated_at) values (150, 'Aklavik/Freddie Carmichael Airport', 'United States', 'Georgia', 'Columbus', '2024-03-19', '2024-12-14');
insert into Airport (airport_id, airport_name, country, state, city, created_at, updated_at) values (151, 'Tongoa Airport', 'United States', 'Arizona', 'Phoenix', '2024-05-13', '2025-06-16');
insert into Airport (airport_id, airport_name, country, state, city, created_at, updated_at) values (152, 'Hao Airport', 'United States', 'District of Columbia', 'Washington', '2023-02-11', '2024-12-18');
insert into Airport (airport_id, airport_name, country, state, city, created_at, updated_at) values (153, 'Rosecrans Memorial Airport', 'United States', 'Indiana', 'South Bend', '2024-07-08', '2025-08-16');
insert into Airport (airport_id, airport_name, country, state, city, created_at, updated_at) values (154, 'Orlando Sanford International Airport', 'United States', 'Nevada', 'Las Vegas', '2024-06-10', '2025-06-16');
insert into Airport (airport_id, airport_name, country, state, city, created_at, updated_at) values (155, 'Kyle Oakley Field', 'United States', 'Virginia', 'Alexandria', '2023-06-26', '2024-12-19');
insert into Airport (airport_id, airport_name, country, state, city, created_at, updated_at) values (156, 'Pinal Airpark', 'United States', 'Ohio', 'Cincinnati', '2024-03-14', '2025-02-24');
insert into Airport (airport_id, airport_name, country, state, city, created_at, updated_at) values (157, 'Chulman Airport', 'United States', 'Kansas', 'Wichita', '2023-01-23', '2025-03-09');
insert into Airport (airport_id, airport_name, country, state, city, created_at, updated_at) values (158, 'Foumban Nkounja Airport', 'United States', 'South Carolina', 'Spartanburg', '2024-06-25', '2024-10-26');
insert into Airport (airport_id, airport_name, country, state, city, created_at, updated_at) values (159, 'Zilfi Airport', 'United States', 'Alaska', 'Anchorage', '2023-09-18', '2024-12-03');
insert into Airport (airport_id, airport_name, country, state, city, created_at, updated_at) values (160, 'Ghat Airport', 'United States', 'Washington', 'Spokane', '2022-10-30', '2025-08-14');
insert into Airport (airport_id, airport_name, country, state, city, created_at, updated_at) values (161, 'Cuito Cuanavale Airport', 'United States', 'California', 'San Francisco', '2024-05-09', '2025-04-16');
insert into Airport (airport_id, airport_name, country, state, city, created_at, updated_at) values (162, 'Rumbek Airport', 'United States', 'Washington', 'Seattle', '2024-01-09', '2025-04-24');
insert into Airport (airport_id, airport_name, country, state, city, created_at, updated_at) values (163, 'Kratie Airport', 'United States', 'California', 'Long Beach', '2023-12-31', '2025-07-22');
insert into Airport (airport_id, airport_name, country, state, city, created_at, updated_at) values (164, 'Kahului Airport', 'United States', 'Texas', 'Houston', '2023-10-07', '2025-04-28');
insert into Airport (airport_id, airport_name, country, state, city, created_at, updated_at) values (165, 'Bagram Air Base', 'United States', 'New York', 'White Plains', '2023-05-14', '2025-02-07');
insert into Airport (airport_id, airport_name, country, state, city, created_at, updated_at) values (166, 'Leron Plains Airport', 'United States', 'Pennsylvania', 'Wilkes Barre', '2023-08-08', '2025-07-08');
insert into Airport (airport_id, airport_name, country, state, city, created_at, updated_at) values (167, 'Mu Airport', 'United States', 'Oklahoma', 'Oklahoma City', '2024-04-18', '2025-06-19');
insert into Airport (airport_id, airport_name, country, state, city, created_at, updated_at) values (168, 'Coorabie Airport', 'United States', 'Texas', 'El Paso', '2024-01-22', '2024-11-19');
insert into Airport (airport_id, airport_name, country, state, city, created_at, updated_at) values (169, 'Baker City Municipal Airport', 'United States', 'Tennessee', 'Kingsport', '2024-08-19', '2025-05-19');
insert into Airport (airport_id, airport_name, country, state, city, created_at, updated_at) values (170, 'Summer Beaver Airport', 'United States', 'Florida', 'Fort Lauderdale', '2023-06-14', '2025-07-29');
insert into Airport (airport_id, airport_name, country, state, city, created_at, updated_at) values (171, 'Eaker Field', 'United States', 'Illinois', 'Naperville', '2023-04-21', '2025-01-02');
insert into Airport (airport_id, airport_name, country, state, city, created_at, updated_at) values (172, 'Humberto Ghizzo Bortoluzzi Regional Airport', 'United States', 'California', 'Sacramento', '2023-11-15', '2025-09-22');
insert into Airport (airport_id, airport_name, country, state, city, created_at, updated_at) values (173, 'Kirundo Airport', 'United States', 'California', 'Sacramento', '2023-03-06', '2025-09-20');
insert into Airport (airport_id, airport_name, country, state, city, created_at, updated_at) values (174, 'Amsterdam Airport Schiphol', 'United States', 'South Carolina', 'Columbia', '2022-11-09', '2025-02-17');
insert into Airport (airport_id, airport_name, country, state, city, created_at, updated_at) values (175, 'Zwara Airport', 'United States', 'Arizona', 'Phoenix', '2023-08-23', '2025-06-14');
insert into Airport (airport_id, airport_name, country, state, city, created_at, updated_at) values (176, 'Mehrabad International Airport', 'United States', 'Kansas', 'Shawnee Mission', '2023-01-06', '2025-07-16');
insert into Airport (airport_id, airport_name, country, state, city, created_at, updated_at) values (177, 'Hill Air Force Base', 'United States', 'Louisiana', 'New Orleans', '2024-01-28', '2024-11-04');
insert into Airport (airport_id, airport_name, country, state, city, created_at, updated_at) values (178, 'El Encanto Airport', 'United States', 'Maryland', 'Baltimore', '2024-09-22', '2024-12-18');
insert into Airport (airport_id, airport_name, country, state, city, created_at, updated_at) values (179, 'Maio Airport', 'United States', 'Connecticut', 'Bridgeport', '2022-11-13', '2025-02-02');
insert into Airport (airport_id, airport_name, country, state, city, created_at, updated_at) values (180, 'Anyang Airport', 'United States', 'California', 'Sacramento', '2024-09-16', '2024-10-07');
insert into Airport (airport_id, airport_name, country, state, city, created_at, updated_at) values (181, 'Cape Newenham LRRS Airport', 'United States', 'Utah', 'Salt Lake City', '2023-06-19', '2025-08-21');
insert into Airport (airport_id, airport_name, country, state, city, created_at, updated_at) values (182, 'Walvis Bay Airport', 'United States', 'Tennessee', 'Murfreesboro', '2023-01-04', '2025-02-14');
insert into Airport (airport_id, airport_name, country, state, city, created_at, updated_at) values (183, 'Goodnews Airport', 'United States', 'Florida', 'Orlando', '2023-12-15', '2025-07-27');
insert into Airport (airport_id, airport_name, country, state, city, created_at, updated_at) values (184, 'Minchumina Airport', 'United States', 'California', 'Burbank', '2024-07-18', '2025-05-27');
insert into Airport (airport_id, airport_name, country, state, city, created_at, updated_at) values (185, 'Lab Lab Airport', 'United States', 'Pennsylvania', 'New Castle', '2024-04-17', '2025-03-27');
insert into Airport (airport_id, airport_name, country, state, city, created_at, updated_at) values (186, 'Domodedovo International Airport', 'United States', 'Texas', 'El Paso', '2024-01-13', '2025-04-07');
insert into Airport (airport_id, airport_name, country, state, city, created_at, updated_at) values (187, 'Opa-locka Executive Airport', 'United States', 'Nevada', 'Reno', '2023-11-05', '2025-04-08');
insert into Airport (airport_id, airport_name, country, state, city, created_at, updated_at) values (188, 'Stavropol Shpakovskoye Airport', 'United States', 'California', 'Sacramento', '2022-09-25', '2024-11-05');
insert into Airport (airport_id, airport_name, country, state, city, created_at, updated_at) values (189, 'So Loureno Airport', 'United States', 'Texas', 'Arlington', '2024-05-12', '2025-01-27');
insert into Airport (airport_id, airport_name, country, state, city, created_at, updated_at) values (190, 'Devi Ahilyabai Holkar Airport', 'United States', 'California', 'Orange', '2023-07-13', '2025-08-01');
insert into Airport (airport_id, airport_name, country, state, city, created_at, updated_at) values (191, 'Solovki Airport', 'United States', 'Florida', 'Pompano Beach', '2023-07-20', '2025-09-12');
insert into Airport (airport_id, airport_name, country, state, city, created_at, updated_at) values (192, 'Taipei Songshan Airport', 'United States', 'New York', 'Mount Vernon', '2023-07-06', '2025-08-02');
insert into Airport (airport_id, airport_name, country, state, city, created_at, updated_at) values (193, 'Trs Passos Airport', 'United States', 'Virginia', 'Roanoke', '2024-06-09', '2025-03-03');
insert into Airport (airport_id, airport_name, country, state, city, created_at, updated_at) values (194, 'Abu Rudeis Airport', 'United States', 'Illinois', 'Bloomington', '2023-06-06', '2024-12-06');
insert into Airport (airport_id, airport_name, country, state, city, created_at, updated_at) values (195, 'Cowell Airport', 'United States', 'West Virginia', 'Huntington', '2023-04-26', '2024-09-30');
insert into Airport (airport_id, airport_name, country, state, city, created_at, updated_at) values (196, 'Headingly Airport', 'United States', 'New York', 'Bronx', '2023-03-30', '2025-07-08');
insert into Airport (airport_id, airport_name, country, state, city, created_at, updated_at) values (197, 'Dijon-Bourgogne Airport', 'United States', 'South Carolina', 'Aiken', '2023-04-16', '2025-05-08');
insert into Airport (airport_id, airport_name, country, state, city, created_at, updated_at) values (198, 'Kunsan Air Base', 'United States', 'Indiana', 'Indianapolis', '2022-09-29', '2025-02-21');
insert into Airport (airport_id, airport_name, country, state, city, created_at, updated_at) values (199, 'Yeosu Airport', 'United States', 'Colorado', 'Fort Collins', '2022-12-18', '2025-02-10');
insert into Airport (airport_id, airport_name, country, state, city, created_at, updated_at) values (200, 'Kankan Airport', 'United States', 'Texas', 'Austin', '2022-10-26', '2025-07-03');

insert into Flights (flight_id, sch_departure_time, sch_arrival_time, departing_airport_id, arriving_airport_id, departing_gate, arriving_gate, airline_id, act_departure_time, act_arrival_time, created_at, updated_at) values (1, '2025-06-22', '2025-09-13', 199, 200, 'A3', 'C1', 194, '2023-04-06', '2024-08-31', '2023-02-15', '2023-03-15');
insert into Flights (flight_id, sch_departure_time, sch_arrival_time, departing_airport_id, arriving_airport_id, departing_gate, arriving_gate, airline_id, act_departure_time, act_arrival_time, created_at, updated_at) values (2, '2025-06-09', '2025-08-31', 137, 138, 'C2', 'C2', 128, '2023-07-15', '2024-04-07', '2023-10-07', '2024-08-19');
insert into Flights (flight_id, sch_departure_time, sch_arrival_time, departing_airport_id, arriving_airport_id, departing_gate, arriving_gate, airline_id, act_departure_time, act_arrival_time, created_at, updated_at) values (3, '2024-07-03', '2024-09-25', 169, 170, 'A1', 'B2', 69, '2023-09-19', '2024-06-08', '2023-02-28', '2024-06-02');
insert into Flights (flight_id, sch_departure_time, sch_arrival_time, departing_airport_id, arriving_airport_id, departing_gate, arriving_gate, airline_id, act_departure_time, act_arrival_time, created_at, updated_at) values (4, '2024-02-22', '2024-05-15', 22, 23, 'A3', 'A1', 95, '2023-02-12', '2024-09-07', '2024-01-20', '2022-09-23');
insert into Flights (flight_id, sch_departure_time, sch_arrival_time, departing_airport_id, arriving_airport_id, departing_gate, arriving_gate, airline_id, act_departure_time, act_arrival_time, created_at, updated_at) values (5, '2024-09-05', '2024-11-27', 18, 19, 'C3', 'A1', 192, '2022-11-04', '2023-11-26', '2023-01-06', '2024-08-22');
insert into Flights (flight_id, sch_departure_time, sch_arrival_time, departing_airport_id, arriving_airport_id, departing_gate, arriving_gate, airline_id, act_departure_time, act_arrival_time, created_at, updated_at) values (6, '2024-01-11', '2024-04-04', 38, 39, 'C1', 'A1', 174, '2022-11-20', '2024-02-18', '2023-11-09', '2023-06-12');
insert into Flights (flight_id, sch_departure_time, sch_arrival_time, departing_airport_id, arriving_airport_id, departing_gate, arriving_gate, airline_id, act_departure_time, act_arrival_time, created_at, updated_at) values (7, '2025-08-18', '2025-11-10', 183, 184, 'C2', 'A2', 40, '2023-04-02', '2022-12-06', '2024-04-27', '2023-05-17');
insert into Flights (flight_id, sch_departure_time, sch_arrival_time, departing_airport_id, arriving_airport_id, departing_gate, arriving_gate, airline_id, act_departure_time, act_arrival_time, created_at, updated_at) values (8, '2023-10-30', '2024-01-22', 30, 31, 'A2', 'A3', 107, '2024-06-07', '2024-09-08', '2024-05-23', '2024-07-08');
insert into Flights (flight_id, sch_departure_time, sch_arrival_time, departing_airport_id, arriving_airport_id, departing_gate, arriving_gate, airline_id, act_departure_time, act_arrival_time, created_at, updated_at) values (9, '2022-11-17', '2023-02-09', 40, 41, 'C1', 'C3', 71, '2023-05-05', '2023-12-16', '2024-03-07', '2023-02-26');
insert into Flights (flight_id, sch_departure_time, sch_arrival_time, departing_airport_id, arriving_airport_id, departing_gate, arriving_gate, airline_id, act_departure_time, act_arrival_time, created_at, updated_at) values (10, '2025-01-16', '2025-04-09', 168, 169, 'A1', 'B1', 81, '2024-04-13', '2023-03-06', '2023-12-10', '2024-08-30');
insert into Flights (flight_id, sch_departure_time, sch_arrival_time, departing_airport_id, arriving_airport_id, departing_gate, arriving_gate, airline_id, act_departure_time, act_arrival_time, created_at, updated_at) values (11, '2024-02-10', '2024-05-04', 40, 41, 'C3', 'A3', 126, '2023-08-01', '2023-04-15', '2023-07-28', '2022-11-23');
insert into Flights (flight_id, sch_departure_time, sch_arrival_time, departing_airport_id, arriving_airport_id, departing_gate, arriving_gate, airline_id, act_departure_time, act_arrival_time, created_at, updated_at) values (12, '2024-05-15', '2024-08-06', 66, 67, 'B2', 'C2', 88, '2024-05-15', '2024-04-01', '2024-04-29', '2024-05-21');
insert into Flights (flight_id, sch_departure_time, sch_arrival_time, departing_airport_id, arriving_airport_id, departing_gate, arriving_gate, airline_id, act_departure_time, act_arrival_time, created_at, updated_at) values (13, '2025-07-22', '2025-10-13', 33, 34, 'A2', 'A1', 62, '2024-07-04', '2022-10-31', '2023-03-03', '2024-07-29');
insert into Flights (flight_id, sch_departure_time, sch_arrival_time, departing_airport_id, arriving_airport_id, departing_gate, arriving_gate, airline_id, act_departure_time, act_arrival_time, created_at, updated_at) values (14, '2023-10-26', '2024-01-17', 9, 10, 'A2', 'C2', 142, '2022-11-30', '2024-03-05', '2023-02-24', '2023-02-01');
insert into Flights (flight_id, sch_departure_time, sch_arrival_time, departing_airport_id, arriving_airport_id, departing_gate, arriving_gate, airline_id, act_departure_time, act_arrival_time, created_at, updated_at) values (15, '2023-10-23', '2024-01-14', 94, 95, 'B1', 'A2', 160, '2023-08-17', '2024-02-06', '2023-08-15', '2023-09-09');
insert into Flights (flight_id, sch_departure_time, sch_arrival_time, departing_airport_id, arriving_airport_id, departing_gate, arriving_gate, airline_id, act_departure_time, act_arrival_time, created_at, updated_at) values (16, '2022-11-06', '2023-01-29', 171, 172, 'B1', 'A2', 101, '2024-06-05', '2023-01-31', '2023-06-07', '2024-09-10');
insert into Flights (flight_id, sch_departure_time, sch_arrival_time, departing_airport_id, arriving_airport_id, departing_gate, arriving_gate, airline_id, act_departure_time, act_arrival_time, created_at, updated_at) values (17, '2024-09-13', '2024-12-06', 19, 20, 'A3', 'B2', 99, '2024-02-29', '2024-02-20', '2023-03-21', '2023-07-19');
insert into Flights (flight_id, sch_departure_time, sch_arrival_time, departing_airport_id, arriving_airport_id, departing_gate, arriving_gate, airline_id, act_departure_time, act_arrival_time, created_at, updated_at) values (18, '2022-11-16', '2023-02-08', 8, 9, 'A2', 'A2', 118, '2023-04-02', '2023-02-13', '2024-04-27', '2023-10-26');
insert into Flights (flight_id, sch_departure_time, sch_arrival_time, departing_airport_id, arriving_airport_id, departing_gate, arriving_gate, airline_id, act_departure_time, act_arrival_time, created_at, updated_at) values (19, '2025-07-31', '2025-10-22', 110, 111, 'B1', 'C2', 136, '2024-03-10', '2023-10-03', '2024-09-16', '2023-10-01');
insert into Flights (flight_id, sch_departure_time, sch_arrival_time, departing_airport_id, arriving_airport_id, departing_gate, arriving_gate, airline_id, act_departure_time, act_arrival_time, created_at, updated_at) values (20, '2024-06-02', '2024-08-24', 25, 26, 'B1', 'B1', 89, '2024-03-16', '2023-11-17', '2024-06-19', '2023-01-03');
insert into Flights (flight_id, sch_departure_time, sch_arrival_time, departing_airport_id, arriving_airport_id, departing_gate, arriving_gate, airline_id, act_departure_time, act_arrival_time, created_at, updated_at) values (21, '2024-07-09', '2024-10-01', 173, 174, 'B2', 'C2', 49, '2022-10-04', '2022-10-01', '2024-02-12', '2024-04-04');
insert into Flights (flight_id, sch_departure_time, sch_arrival_time, departing_airport_id, arriving_airport_id, departing_gate, arriving_gate, airline_id, act_departure_time, act_arrival_time, created_at, updated_at) values (22, '2025-03-18', '2025-06-10', 31, 32, 'A1', 'A1', 180, '2024-01-23', '2024-02-02', '2024-08-26', '2024-07-31');
insert into Flights (flight_id, sch_departure_time, sch_arrival_time, departing_airport_id, arriving_airport_id, departing_gate, arriving_gate, airline_id, act_departure_time, act_arrival_time, created_at, updated_at) values (23, '2024-09-10', '2024-12-03', 141, 142, 'A2', 'C3', 144, '2024-07-28', '2024-06-22', '2023-05-15', '2022-10-29');
insert into Flights (flight_id, sch_departure_time, sch_arrival_time, departing_airport_id, arriving_airport_id, departing_gate, arriving_gate, airline_id, act_departure_time, act_arrival_time, created_at, updated_at) values (24, '2024-07-28', '2024-10-19', 73, 74, 'A3', 'C3', 140, '2023-04-20', '2023-09-15', '2022-11-11', '2023-08-29');
insert into Flights (flight_id, sch_departure_time, sch_arrival_time, departing_airport_id, arriving_airport_id, departing_gate, arriving_gate, airline_id, act_departure_time, act_arrival_time, created_at, updated_at) values (25, '2024-10-31', '2025-01-23', 144, 145, 'B3', 'B2', 27, '2022-12-05', '2022-12-13', '2024-06-14', '2024-03-22');
insert into Flights (flight_id, sch_departure_time, sch_arrival_time, departing_airport_id, arriving_airport_id, departing_gate, arriving_gate, airline_id, act_departure_time, act_arrival_time, created_at, updated_at) values (26, '2025-08-29', '2025-11-20', 61, 62, 'B2', 'B2', 134, '2023-02-12', '2022-12-06', '2023-12-15', '2024-03-24');
insert into Flights (flight_id, sch_departure_time, sch_arrival_time, departing_airport_id, arriving_airport_id, departing_gate, arriving_gate, airline_id, act_departure_time, act_arrival_time, created_at, updated_at) values (27, '2023-08-11', '2023-11-03', 131, 132, 'C3', 'A2', 134, '2023-01-17', '2024-01-15', '2024-06-10', '2024-02-19');
insert into Flights (flight_id, sch_departure_time, sch_arrival_time, departing_airport_id, arriving_airport_id, departing_gate, arriving_gate, airline_id, act_departure_time, act_arrival_time, created_at, updated_at) values (28, '2024-06-14', '2024-09-06', 188, 189, 'C1', 'C1', 190, '2024-05-28', '2023-11-11', '2023-04-28', '2024-07-30');
insert into Flights (flight_id, sch_departure_time, sch_arrival_time, departing_airport_id, arriving_airport_id, departing_gate, arriving_gate, airline_id, act_departure_time, act_arrival_time, created_at, updated_at) values (29, '2023-10-09', '2023-12-31', 169, 170, 'C3', 'B3', 120, '2023-10-31', '2023-08-11', '2023-06-24', '2024-08-10');
insert into Flights (flight_id, sch_departure_time, sch_arrival_time, departing_airport_id, arriving_airport_id, departing_gate, arriving_gate, airline_id, act_departure_time, act_arrival_time, created_at, updated_at) values (30, '2023-03-12', '2023-06-03', 121, 122, 'C2', 'C3', 9, '2024-01-26', '2023-04-02', '2024-05-11', '2024-05-30');
insert into Flights (flight_id, sch_departure_time, sch_arrival_time, departing_airport_id, arriving_airport_id, departing_gate, arriving_gate, airline_id, act_departure_time, act_arrival_time, created_at, updated_at) values (31, '2025-08-15', '2025-11-06', 143, 144, 'B2', 'C1', 148, '2023-12-29', '2023-08-31', '2023-06-07', '2023-11-06');
insert into Flights (flight_id, sch_departure_time, sch_arrival_time, departing_airport_id, arriving_airport_id, departing_gate, arriving_gate, airline_id, act_departure_time, act_arrival_time, created_at, updated_at) values (32, '2024-09-03', '2024-11-25', 85, 86, 'A2', 'B1', 152, '2023-11-15', '2023-01-30', '2024-06-09', '2024-06-11');
insert into Flights (flight_id, sch_departure_time, sch_arrival_time, departing_airport_id, arriving_airport_id, departing_gate, arriving_gate, airline_id, act_departure_time, act_arrival_time, created_at, updated_at) values (33, '2025-02-04', '2025-04-28', 94, 95, 'A1', 'B2', 63, '2023-10-25', '2023-04-20', '2024-05-08', '2024-02-19');
insert into Flights (flight_id, sch_departure_time, sch_arrival_time, departing_airport_id, arriving_airport_id, departing_gate, arriving_gate, airline_id, act_departure_time, act_arrival_time, created_at, updated_at) values (34, '2025-07-26', '2025-10-17', 195, 196, 'B3', 'A3', 94, '2024-01-04', '2023-11-25', '2024-04-24', '2022-12-07');
insert into Flights (flight_id, sch_departure_time, sch_arrival_time, departing_airport_id, arriving_airport_id, departing_gate, arriving_gate, airline_id, act_departure_time, act_arrival_time, created_at, updated_at) values (35, '2024-06-29', '2024-09-20', 102, 103, 'B2', 'C3', 11, '2024-07-20', '2024-09-03', '2023-09-02', '2024-03-08');
insert into Flights (flight_id, sch_departure_time, sch_arrival_time, departing_airport_id, arriving_airport_id, departing_gate, arriving_gate, airline_id, act_departure_time, act_arrival_time, created_at, updated_at) values (36, '2022-10-14', '2023-01-05', 198, 199, 'A3', 'A1', 170, '2024-03-31', '2024-08-24', '2023-10-19', '2024-06-23');
insert into Flights (flight_id, sch_departure_time, sch_arrival_time, departing_airport_id, arriving_airport_id, departing_gate, arriving_gate, airline_id, act_departure_time, act_arrival_time, created_at, updated_at) values (37, '2022-12-16', '2023-03-09', 194, 195, 'A1', 'B2', 131, '2024-06-13', '2023-04-20', '2023-08-08', '2023-01-12');
insert into Flights (flight_id, sch_departure_time, sch_arrival_time, departing_airport_id, arriving_airport_id, departing_gate, arriving_gate, airline_id, act_departure_time, act_arrival_time, created_at, updated_at) values (38, '2025-03-14', '2025-06-05', 5, 6, 'B3', 'A2', 34, '2024-05-31', '2024-06-02', '2022-10-22', '2024-07-15');
insert into Flights (flight_id, sch_departure_time, sch_arrival_time, departing_airport_id, arriving_airport_id, departing_gate, arriving_gate, airline_id, act_departure_time, act_arrival_time, created_at, updated_at) values (39, '2023-04-27', '2023-07-20', 128, 129, 'B2', 'B2', 88, '2023-08-03', '2023-02-08', '2024-03-28', '2023-08-07');
insert into Flights (flight_id, sch_departure_time, sch_arrival_time, departing_airport_id, arriving_airport_id, departing_gate, arriving_gate, airline_id, act_departure_time, act_arrival_time, created_at, updated_at) values (40, '2023-09-24', '2023-12-17', 45, 46, 'A1', 'B3', 43, '2022-12-21', '2022-10-29', '2023-08-31', '2023-03-27');
insert into Flights (flight_id, sch_departure_time, sch_arrival_time, departing_airport_id, arriving_airport_id, departing_gate, arriving_gate, airline_id, act_departure_time, act_arrival_time, created_at, updated_at) values (41, '2022-12-28', '2023-03-21', 125, 126, 'A1', 'B2', 191, '2023-09-26', '2023-03-06', '2023-02-19', '2023-04-09');
insert into Flights (flight_id, sch_departure_time, sch_arrival_time, departing_airport_id, arriving_airport_id, departing_gate, arriving_gate, airline_id, act_departure_time, act_arrival_time, created_at, updated_at) values (42, '2023-08-08', '2023-10-30', 91, 92, 'A3', 'A1', 148, '2022-12-18', '2023-03-13', '2024-04-26', '2023-06-23');
insert into Flights (flight_id, sch_departure_time, sch_arrival_time, departing_airport_id, arriving_airport_id, departing_gate, arriving_gate, airline_id, act_departure_time, act_arrival_time, created_at, updated_at) values (43, '2024-06-19', '2024-09-11', 31, 32, 'C2', 'B1', 176, '2023-06-11', '2024-03-09', '2024-01-20', '2024-03-24');
insert into Flights (flight_id, sch_departure_time, sch_arrival_time, departing_airport_id, arriving_airport_id, departing_gate, arriving_gate, airline_id, act_departure_time, act_arrival_time, created_at, updated_at) values (44, '2023-02-12', '2023-05-07', 4, 5, 'B3', 'B1', 194, '2024-06-10', '2023-12-22', '2023-04-15', '2023-07-25');
insert into Flights (flight_id, sch_departure_time, sch_arrival_time, departing_airport_id, arriving_airport_id, departing_gate, arriving_gate, airline_id, act_departure_time, act_arrival_time, created_at, updated_at) values (45, '2024-09-04', '2024-11-27', 69, 70, 'B3', 'B3', 108, '2023-12-14', '2023-02-22', '2022-12-05', '2024-07-27');
insert into Flights (flight_id, sch_departure_time, sch_arrival_time, departing_airport_id, arriving_airport_id, departing_gate, arriving_gate, airline_id, act_departure_time, act_arrival_time, created_at, updated_at) values (46, '2025-06-08', '2025-08-31', 16, 17, 'C3', 'B1', 175, '2023-02-12', '2024-02-07', '2024-06-05', '2022-12-21');
insert into Flights (flight_id, sch_departure_time, sch_arrival_time, departing_airport_id, arriving_airport_id, departing_gate, arriving_gate, airline_id, act_departure_time, act_arrival_time, created_at, updated_at) values (47, '2023-03-05', '2023-05-27', 7, 8, 'A3', 'B3', 87, '2023-11-01', '2024-05-27', '2023-12-03', '2023-10-15');
insert into Flights (flight_id, sch_departure_time, sch_arrival_time, departing_airport_id, arriving_airport_id, departing_gate, arriving_gate, airline_id, act_departure_time, act_arrival_time, created_at, updated_at) values (48, '2023-04-10', '2023-07-02', 58, 59, 'C2', 'C2', 184, '2024-08-05', '2024-06-14', '2023-02-05', '2024-04-06');
insert into Flights (flight_id, sch_departure_time, sch_arrival_time, departing_airport_id, arriving_airport_id, departing_gate, arriving_gate, airline_id, act_departure_time, act_arrival_time, created_at, updated_at) values (49, '2023-01-11', '2023-04-05', 22, 23, 'C2', 'B2', 182, '2022-10-17', '2024-06-27', '2022-12-04', '2022-11-20');
insert into Flights (flight_id, sch_departure_time, sch_arrival_time, departing_airport_id, arriving_airport_id, departing_gate, arriving_gate, airline_id, act_departure_time, act_arrival_time, created_at, updated_at) values (50, '2022-10-06', '2022-12-29', 117, 118, 'B3', 'A1', 106, '2024-09-12', '2022-11-03', '2023-06-03', '2024-09-13');
insert into Flights (flight_id, sch_departure_time, sch_arrival_time, departing_airport_id, arriving_airport_id, departing_gate, arriving_gate, airline_id, act_departure_time, act_arrival_time, created_at, updated_at) values (51, '2025-02-05', '2025-04-29', 37, 38, 'B1', 'A3', 135, '2023-09-19', '2024-07-31', '2024-02-03', '2024-06-07');
insert into Flights (flight_id, sch_departure_time, sch_arrival_time, departing_airport_id, arriving_airport_id, departing_gate, arriving_gate, airline_id, act_departure_time, act_arrival_time, created_at, updated_at) values (52, '2024-12-02', '2025-02-23', 198, 199, 'C1', 'B1', 39, '2023-02-01', '2024-07-13', '2023-02-11', '2024-08-28');
insert into Flights (flight_id, sch_departure_time, sch_arrival_time, departing_airport_id, arriving_airport_id, departing_gate, arriving_gate, airline_id, act_departure_time, act_arrival_time, created_at, updated_at) values (53, '2023-05-18', '2023-08-10', 103, 104, 'A2', 'B3', 64, '2023-01-26', '2024-03-26', '2024-06-13', '2022-12-25');
insert into Flights (flight_id, sch_departure_time, sch_arrival_time, departing_airport_id, arriving_airport_id, departing_gate, arriving_gate, airline_id, act_departure_time, act_arrival_time, created_at, updated_at) values (54, '2022-10-26', '2023-01-17', 40, 41, 'C1', 'B3', 101, '2023-09-27', '2023-05-11', '2024-06-10', '2024-08-18');
insert into Flights (flight_id, sch_departure_time, sch_arrival_time, departing_airport_id, arriving_airport_id, departing_gate, arriving_gate, airline_id, act_departure_time, act_arrival_time, created_at, updated_at) values (55, '2024-08-18', '2024-11-09', 64, 65, 'B1', 'C2', 93, '2023-02-20', '2024-02-21', '2024-08-31', '2024-04-17');
insert into Flights (flight_id, sch_departure_time, sch_arrival_time, departing_airport_id, arriving_airport_id, departing_gate, arriving_gate, airline_id, act_departure_time, act_arrival_time, created_at, updated_at) values (56, '2024-01-21', '2024-04-13', 73, 74, 'B1', 'B2', 16, '2024-08-24', '2023-04-10', '2023-05-08', '2022-09-24');
insert into Flights (flight_id, sch_departure_time, sch_arrival_time, departing_airport_id, arriving_airport_id, departing_gate, arriving_gate, airline_id, act_departure_time, act_arrival_time, created_at, updated_at) values (57, '2025-08-16', '2025-11-07', 88, 89, 'B2', 'C2', 129, '2023-10-12', '2022-12-15', '2023-03-11', '2023-05-13');
insert into Flights (flight_id, sch_departure_time, sch_arrival_time, departing_airport_id, arriving_airport_id, departing_gate, arriving_gate, airline_id, act_departure_time, act_arrival_time, created_at, updated_at) values (58, '2025-09-13', '2025-12-06', 196, 197, 'C2', 'B2', 52, '2023-12-05', '2024-03-20', '2023-03-07', '2024-09-04');
insert into Flights (flight_id, sch_departure_time, sch_arrival_time, departing_airport_id, arriving_airport_id, departing_gate, arriving_gate, airline_id, act_departure_time, act_arrival_time, created_at, updated_at) values (59, '2024-05-01', '2024-07-23', 84, 85, 'A3', 'A3', 5, '2023-08-16', '2023-04-01', '2023-04-25', '2023-10-24');
insert into Flights (flight_id, sch_departure_time, sch_arrival_time, departing_airport_id, arriving_airport_id, departing_gate, arriving_gate, airline_id, act_departure_time, act_arrival_time, created_at, updated_at) values (60, '2023-09-05', '2023-11-27', 141, 142, 'B2', 'B1', 189, '2022-10-18', '2024-06-03', '2023-03-29', '2024-08-13');
insert into Flights (flight_id, sch_departure_time, sch_arrival_time, departing_airport_id, arriving_airport_id, departing_gate, arriving_gate, airline_id, act_departure_time, act_arrival_time, created_at, updated_at) values (61, '2023-05-26', '2023-08-17', 51, 52, 'A2', 'A3', 47, '2022-12-04', '2023-06-13', '2023-07-23', '2023-01-29');
insert into Flights (flight_id, sch_departure_time, sch_arrival_time, departing_airport_id, arriving_airport_id, departing_gate, arriving_gate, airline_id, act_departure_time, act_arrival_time, created_at, updated_at) values (62, '2025-05-16', '2025-08-08', 119, 120, 'C3', 'C1', 6, '2022-12-09', '2022-10-13', '2024-06-19', '2022-10-11');
insert into Flights (flight_id, sch_departure_time, sch_arrival_time, departing_airport_id, arriving_airport_id, departing_gate, arriving_gate, airline_id, act_departure_time, act_arrival_time, created_at, updated_at) values (63, '2024-04-23', '2024-07-16', 87, 88, 'B2', 'C2', 74, '2024-03-28', '2024-03-26', '2024-04-15', '2023-09-12');
insert into Flights (flight_id, sch_departure_time, sch_arrival_time, departing_airport_id, arriving_airport_id, departing_gate, arriving_gate, airline_id, act_departure_time, act_arrival_time, created_at, updated_at) values (64, '2024-06-06', '2024-08-28', 128, 129, 'A2', 'C3', 18, '2024-02-18', '2023-02-04', '2023-06-27', '2024-08-08');
insert into Flights (flight_id, sch_departure_time, sch_arrival_time, departing_airport_id, arriving_airport_id, departing_gate, arriving_gate, airline_id, act_departure_time, act_arrival_time, created_at, updated_at) values (65, '2024-04-20', '2024-07-12', 66, 67, 'A2', 'B1', 134, '2024-08-23', '2023-08-22', '2024-01-21', '2024-01-05');
insert into Flights (flight_id, sch_departure_time, sch_arrival_time, departing_airport_id, arriving_airport_id, departing_gate, arriving_gate, airline_id, act_departure_time, act_arrival_time, created_at, updated_at) values (66, '2024-12-21', '2025-03-15', 45, 46, 'A2', 'B1', 13, '2024-07-17', '2024-09-11', '2024-01-04', '2024-07-07');
insert into Flights (flight_id, sch_departure_time, sch_arrival_time, departing_airport_id, arriving_airport_id, departing_gate, arriving_gate, airline_id, act_departure_time, act_arrival_time, created_at, updated_at) values (67, '2024-12-26', '2025-03-20', 76, 77, 'A2', 'C1', 120, '2024-02-07', '2023-10-06', '2023-01-09', '2024-06-21');
insert into Flights (flight_id, sch_departure_time, sch_arrival_time, departing_airport_id, arriving_airport_id, departing_gate, arriving_gate, airline_id, act_departure_time, act_arrival_time, created_at, updated_at) values (68, '2025-01-12', '2025-04-06', 31, 32, 'B1', 'B1', 160, '2024-09-16', '2024-03-04', '2024-02-07', '2024-07-19');
insert into Flights (flight_id, sch_departure_time, sch_arrival_time, departing_airport_id, arriving_airport_id, departing_gate, arriving_gate, airline_id, act_departure_time, act_arrival_time, created_at, updated_at) values (69, '2025-03-21', '2025-06-12', 183, 184, 'C1', 'C1', 184, '2024-06-12', '2022-12-07', '2024-03-11', '2023-12-04');
insert into Flights (flight_id, sch_departure_time, sch_arrival_time, departing_airport_id, arriving_airport_id, departing_gate, arriving_gate, airline_id, act_departure_time, act_arrival_time, created_at, updated_at) values (70, '2023-09-03', '2023-11-26', 159, 160, 'B2', 'A1', 96, '2023-10-17', '2024-07-28', '2023-11-01', '2024-09-02');
insert into Flights (flight_id, sch_departure_time, sch_arrival_time, departing_airport_id, arriving_airport_id, departing_gate, arriving_gate, airline_id, act_departure_time, act_arrival_time, created_at, updated_at) values (71, '2023-07-07', '2023-09-28', 100, 101, 'C1', 'B3', 7, '2023-09-16', '2023-11-17', '2022-10-21', '2022-10-30');
insert into Flights (flight_id, sch_departure_time, sch_arrival_time, departing_airport_id, arriving_airport_id, departing_gate, arriving_gate, airline_id, act_departure_time, act_arrival_time, created_at, updated_at) values (72, '2024-08-04', '2024-10-27', 95, 96, 'C3', 'C3', 18, '2023-03-22', '2024-08-13', '2024-04-16', '2023-07-01');
insert into Flights (flight_id, sch_departure_time, sch_arrival_time, departing_airport_id, arriving_airport_id, departing_gate, arriving_gate, airline_id, act_departure_time, act_arrival_time, created_at, updated_at) values (73, '2022-12-22', '2023-03-16', 97, 98, 'A3', 'B3', 63, '2023-06-23', '2023-11-16', '2024-06-10', '2023-08-16');
insert into Flights (flight_id, sch_departure_time, sch_arrival_time, departing_airport_id, arriving_airport_id, departing_gate, arriving_gate, airline_id, act_departure_time, act_arrival_time, created_at, updated_at) values (74, '2024-02-04', '2024-04-27', 82, 83, 'B1', 'A2', 24, '2023-11-20', '2024-07-13', '2023-06-23', '2024-01-06');
insert into Flights (flight_id, sch_departure_time, sch_arrival_time, departing_airport_id, arriving_airport_id, departing_gate, arriving_gate, airline_id, act_departure_time, act_arrival_time, created_at, updated_at) values (75, '2025-02-07', '2025-05-01', 6, 7, 'A1', 'B2', 127, '2024-08-24', '2024-05-27', '2023-10-16', '2024-04-22');
insert into Flights (flight_id, sch_departure_time, sch_arrival_time, departing_airport_id, arriving_airport_id, departing_gate, arriving_gate, airline_id, act_departure_time, act_arrival_time, created_at, updated_at) values (76, '2024-03-22', '2024-06-13', 86, 87, 'C2', 'B1', 153, '2023-03-11', '2024-06-27', '2023-08-17', '2024-02-25');
insert into Flights (flight_id, sch_departure_time, sch_arrival_time, departing_airport_id, arriving_airport_id, departing_gate, arriving_gate, airline_id, act_departure_time, act_arrival_time, created_at, updated_at) values (77, '2024-12-22', '2025-03-15', 195, 196, 'A2', 'A3', 108, '2023-04-11', '2023-11-26', '2023-11-11', '2024-07-31');
insert into Flights (flight_id, sch_departure_time, sch_arrival_time, departing_airport_id, arriving_airport_id, departing_gate, arriving_gate, airline_id, act_departure_time, act_arrival_time, created_at, updated_at) values (78, '2025-07-23', '2025-10-15', 86, 87, 'A2', 'C1', 44, '2023-04-26', '2024-06-19', '2024-06-21', '2023-11-04');
insert into Flights (flight_id, sch_departure_time, sch_arrival_time, departing_airport_id, arriving_airport_id, departing_gate, arriving_gate, airline_id, act_departure_time, act_arrival_time, created_at, updated_at) values (79, '2024-07-31', '2024-10-22', 17, 18, 'C3', 'A3', 138, '2024-06-14', '2024-05-07', '2023-07-21', '2023-03-17');
insert into Flights (flight_id, sch_departure_time, sch_arrival_time, departing_airport_id, arriving_airport_id, departing_gate, arriving_gate, airline_id, act_departure_time, act_arrival_time, created_at, updated_at) values (80, '2025-05-12', '2025-08-03', 147, 148, 'A1', 'B3', 171, '2024-07-24', '2024-05-23', '2024-03-24', '2024-03-07');
insert into Flights (flight_id, sch_departure_time, sch_arrival_time, departing_airport_id, arriving_airport_id, departing_gate, arriving_gate, airline_id, act_departure_time, act_arrival_time, created_at, updated_at) values (81, '2025-08-29', '2025-11-20', 65, 66, 'B2', 'A2', 51, '2023-10-31', '2023-11-27', '2022-11-28', '2022-10-27');
insert into Flights (flight_id, sch_departure_time, sch_arrival_time, departing_airport_id, arriving_airport_id, departing_gate, arriving_gate, airline_id, act_departure_time, act_arrival_time, created_at, updated_at) values (82, '2023-06-18', '2023-09-09', 164, 165, 'C3', 'B3', 128, '2024-09-10', '2023-11-21', '2023-08-03', '2024-02-12');
insert into Flights (flight_id, sch_departure_time, sch_arrival_time, departing_airport_id, arriving_airport_id, departing_gate, arriving_gate, airline_id, act_departure_time, act_arrival_time, created_at, updated_at) values (83, '2024-05-31', '2024-08-23', 145, 146, 'C2', 'B2', 30, '2023-02-07', '2022-11-26', '2022-10-26', '2024-05-20');
insert into Flights (flight_id, sch_departure_time, sch_arrival_time, departing_airport_id, arriving_airport_id, departing_gate, arriving_gate, airline_id, act_departure_time, act_arrival_time, created_at, updated_at) values (84, '2024-02-25', '2024-05-18', 177, 178, 'B2', 'C1', 86, '2022-11-26', '2023-05-19', '2023-07-03', '2024-06-12');
insert into Flights (flight_id, sch_departure_time, sch_arrival_time, departing_airport_id, arriving_airport_id, departing_gate, arriving_gate, airline_id, act_departure_time, act_arrival_time, created_at, updated_at) values (85, '2024-05-14', '2024-08-05', 139, 140, 'A1', 'A1', 198, '2024-08-06', '2023-01-19', '2022-11-04', '2023-11-06');
insert into Flights (flight_id, sch_departure_time, sch_arrival_time, departing_airport_id, arriving_airport_id, departing_gate, arriving_gate, airline_id, act_departure_time, act_arrival_time, created_at, updated_at) values (86, '2022-09-26', '2022-12-19', 86, 87, 'C3', 'A3', 196, '2022-12-30', '2024-02-05', '2023-02-21', '2023-01-12');
insert into Flights (flight_id, sch_departure_time, sch_arrival_time, departing_airport_id, arriving_airport_id, departing_gate, arriving_gate, airline_id, act_departure_time, act_arrival_time, created_at, updated_at) values (87, '2023-04-25', '2023-07-17', 25, 26, 'C3', 'A3', 27, '2023-05-18', '2022-12-29', '2023-11-09', '2023-05-24');
insert into Flights (flight_id, sch_departure_time, sch_arrival_time, departing_airport_id, arriving_airport_id, departing_gate, arriving_gate, airline_id, act_departure_time, act_arrival_time, created_at, updated_at) values (88, '2025-04-16', '2025-07-09', 67, 68, 'C2', 'B2', 146, '2024-02-17', '2023-06-05', '2022-10-05', '2024-05-06');
insert into Flights (flight_id, sch_departure_time, sch_arrival_time, departing_airport_id, arriving_airport_id, departing_gate, arriving_gate, airline_id, act_departure_time, act_arrival_time, created_at, updated_at) values (89, '2024-11-15', '2025-02-07', 95, 96, 'A2', 'B2', 111, '2023-06-02', '2024-03-10', '2024-01-18', '2023-11-09');
insert into Flights (flight_id, sch_departure_time, sch_arrival_time, departing_airport_id, arriving_airport_id, departing_gate, arriving_gate, airline_id, act_departure_time, act_arrival_time, created_at, updated_at) values (90, '2023-08-09', '2023-10-31', 185, 186, 'C2', 'A3', 77, '2024-05-19', '2023-05-22', '2023-09-25', '2024-03-30');
insert into Flights (flight_id, sch_departure_time, sch_arrival_time, departing_airport_id, arriving_airport_id, departing_gate, arriving_gate, airline_id, act_departure_time, act_arrival_time, created_at, updated_at) values (91, '2024-12-20', '2025-03-14', 132, 133, 'C2', 'C3', 89, '2023-01-02', '2023-06-27', '2023-02-27', '2022-11-03');
insert into Flights (flight_id, sch_departure_time, sch_arrival_time, departing_airport_id, arriving_airport_id, departing_gate, arriving_gate, airline_id, act_departure_time, act_arrival_time, created_at, updated_at) values (92, '2023-10-16', '2024-01-08', 104, 105, 'C1', 'B3', 118, '2022-12-13', '2023-06-06', '2024-02-21', '2023-01-19');
insert into Flights (flight_id, sch_departure_time, sch_arrival_time, departing_airport_id, arriving_airport_id, departing_gate, arriving_gate, airline_id, act_departure_time, act_arrival_time, created_at, updated_at) values (93, '2022-11-12', '2023-02-03', 79, 80, 'C1', 'C2', 15, '2024-01-22', '2023-08-29', '2024-09-11', '2023-04-19');
insert into Flights (flight_id, sch_departure_time, sch_arrival_time, departing_airport_id, arriving_airport_id, departing_gate, arriving_gate, airline_id, act_departure_time, act_arrival_time, created_at, updated_at) values (94, '2024-11-04', '2025-01-26', 3, 4, 'B3', 'C1', 4, '2023-06-28', '2024-01-12', '2024-04-08', '2023-06-19');
insert into Flights (flight_id, sch_departure_time, sch_arrival_time, departing_airport_id, arriving_airport_id, departing_gate, arriving_gate, airline_id, act_departure_time, act_arrival_time, created_at, updated_at) values (95, '2025-01-14', '2025-04-08', 33, 34, 'B1', 'B3', 126, '2024-01-11', '2022-12-01', '2023-11-06', '2024-03-15');
insert into Flights (flight_id, sch_departure_time, sch_arrival_time, departing_airport_id, arriving_airport_id, departing_gate, arriving_gate, airline_id, act_departure_time, act_arrival_time, created_at, updated_at) values (96, '2023-05-27', '2023-08-18', 112, 113, 'B2', 'A2', 12, '2023-01-26', '2024-09-22', '2024-04-11', '2023-04-29');
insert into Flights (flight_id, sch_departure_time, sch_arrival_time, departing_airport_id, arriving_airport_id, departing_gate, arriving_gate, airline_id, act_departure_time, act_arrival_time, created_at, updated_at) values (97, '2023-06-18', '2023-09-09', 26, 27, 'B3', 'B1', 36, '2024-02-16', '2023-02-28', '2022-10-24', '2023-12-08');
insert into Flights (flight_id, sch_departure_time, sch_arrival_time, departing_airport_id, arriving_airport_id, departing_gate, arriving_gate, airline_id, act_departure_time, act_arrival_time, created_at, updated_at) values (98, '2025-09-01', '2025-11-23', 110, 111, 'B1', 'C2', 109, '2022-10-30', '2024-04-19', '2024-07-20', '2023-08-23');
insert into Flights (flight_id, sch_departure_time, sch_arrival_time, departing_airport_id, arriving_airport_id, departing_gate, arriving_gate, airline_id, act_departure_time, act_arrival_time, created_at, updated_at) values (99, '2022-10-02', '2022-12-25', 139, 140, 'B3', 'C3', 162, '2023-06-08', '2022-10-20', '2024-01-11', '2023-04-06');
insert into Flights (flight_id, sch_departure_time, sch_arrival_time, departing_airport_id, arriving_airport_id, departing_gate, arriving_gate, airline_id, act_departure_time, act_arrival_time, created_at, updated_at) values (100, '2023-03-19', '2023-06-10', 105, 106, 'A3', 'C3', 150, '2024-09-10', '2022-10-18', '2024-02-22', '2022-09-27');
insert into Flights (flight_id, sch_departure_time, sch_arrival_time, departing_airport_id, arriving_airport_id, departing_gate, arriving_gate, airline_id, act_departure_time, act_arrival_time, created_at, updated_at) values (101, '2022-10-21', '2023-01-12', 168, 169, 'C3', 'C1', 67, '2024-03-02', '2023-10-29', '2022-12-24', '2023-04-21');
insert into Flights (flight_id, sch_departure_time, sch_arrival_time, departing_airport_id, arriving_airport_id, departing_gate, arriving_gate, airline_id, act_departure_time, act_arrival_time, created_at, updated_at) values (102, '2025-02-28', '2025-05-23', 150, 151, 'C3', 'B2', 24, '2023-12-09', '2023-08-14', '2023-08-28', '2024-07-27');
insert into Flights (flight_id, sch_departure_time, sch_arrival_time, departing_airport_id, arriving_airport_id, departing_gate, arriving_gate, airline_id, act_departure_time, act_arrival_time, created_at, updated_at) values (103, '2023-09-15', '2023-12-07', 121, 122, 'A2', 'C3', 101, '2024-09-20', '2024-03-20', '2023-07-06', '2023-10-03');
insert into Flights (flight_id, sch_departure_time, sch_arrival_time, departing_airport_id, arriving_airport_id, departing_gate, arriving_gate, airline_id, act_departure_time, act_arrival_time, created_at, updated_at) values (104, '2025-06-10', '2025-09-02', 145, 146, 'B2', 'A1', 195, '2023-08-20', '2023-03-10', '2023-11-03', '2023-12-31');
insert into Flights (flight_id, sch_departure_time, sch_arrival_time, departing_airport_id, arriving_airport_id, departing_gate, arriving_gate, airline_id, act_departure_time, act_arrival_time, created_at, updated_at) values (105, '2024-05-29', '2024-08-21', 173, 174, 'A1', 'B3', 10, '2024-05-22', '2022-11-20', '2023-10-16', '2022-11-16');
insert into Flights (flight_id, sch_departure_time, sch_arrival_time, departing_airport_id, arriving_airport_id, departing_gate, arriving_gate, airline_id, act_departure_time, act_arrival_time, created_at, updated_at) values (106, '2024-02-09', '2024-05-02', 58, 59, 'B1', 'A1', 64, '2024-07-06', '2023-11-12', '2022-12-06', '2024-01-20');
insert into Flights (flight_id, sch_departure_time, sch_arrival_time, departing_airport_id, arriving_airport_id, departing_gate, arriving_gate, airline_id, act_departure_time, act_arrival_time, created_at, updated_at) values (107, '2023-05-07', '2023-07-29', 77, 78, 'A2', 'C3', 24, '2022-09-27', '2024-01-26', '2024-01-30', '2024-02-05');
insert into Flights (flight_id, sch_departure_time, sch_arrival_time, departing_airport_id, arriving_airport_id, departing_gate, arriving_gate, airline_id, act_departure_time, act_arrival_time, created_at, updated_at) values (108, '2025-08-14', '2025-11-05', 133, 134, 'C1', 'A1', 18, '2024-05-03', '2023-02-21', '2023-06-17', '2023-05-22');
insert into Flights (flight_id, sch_departure_time, sch_arrival_time, departing_airport_id, arriving_airport_id, departing_gate, arriving_gate, airline_id, act_departure_time, act_arrival_time, created_at, updated_at) values (109, '2023-08-15', '2023-11-06', 200, 1, 'B3', 'A3', 133, '2023-03-17', '2023-08-19', '2024-02-07', '2024-05-12');
insert into Flights (flight_id, sch_departure_time, sch_arrival_time, departing_airport_id, arriving_airport_id, departing_gate, arriving_gate, airline_id, act_departure_time, act_arrival_time, created_at, updated_at) values (110, '2024-06-25', '2024-09-17', 73, 74, 'A3', 'B1', 134, '2023-06-27', '2024-02-26', '2023-05-23', '2024-02-07');
insert into Flights (flight_id, sch_departure_time, sch_arrival_time, departing_airport_id, arriving_airport_id, departing_gate, arriving_gate, airline_id, act_departure_time, act_arrival_time, created_at, updated_at) values (111, '2023-10-11', '2024-01-02', 152, 153, 'A2', 'B3', 130, '2023-07-15', '2024-05-14', '2024-06-29', '2023-06-27');
insert into Flights (flight_id, sch_departure_time, sch_arrival_time, departing_airport_id, arriving_airport_id, departing_gate, arriving_gate, airline_id, act_departure_time, act_arrival_time, created_at, updated_at) values (112, '2025-05-13', '2025-08-04', 16, 17, 'A1', 'C3', 59, '2024-08-10', '2023-05-14', '2023-06-18', '2023-08-05');
insert into Flights (flight_id, sch_departure_time, sch_arrival_time, departing_airport_id, arriving_airport_id, departing_gate, arriving_gate, airline_id, act_departure_time, act_arrival_time, created_at, updated_at) values (113, '2024-03-26', '2024-06-18', 38, 39, 'C1', 'A2', 138, '2023-01-20', '2022-12-16', '2024-07-02', '2024-04-14');
insert into Flights (flight_id, sch_departure_time, sch_arrival_time, departing_airport_id, arriving_airport_id, departing_gate, arriving_gate, airline_id, act_departure_time, act_arrival_time, created_at, updated_at) values (114, '2023-02-27', '2023-05-21', 1, 2, 'B3', 'B1', 200, '2024-08-31', '2023-06-10', '2024-03-20', '2024-08-14');
insert into Flights (flight_id, sch_departure_time, sch_arrival_time, departing_airport_id, arriving_airport_id, departing_gate, arriving_gate, airline_id, act_departure_time, act_arrival_time, created_at, updated_at) values (115, '2022-11-09', '2023-01-31', 59, 60, 'B1', 'B3', 55, '2023-10-04', '2024-01-30', '2023-08-03', '2022-10-22');
insert into Flights (flight_id, sch_departure_time, sch_arrival_time, departing_airport_id, arriving_airport_id, departing_gate, arriving_gate, airline_id, act_departure_time, act_arrival_time, created_at, updated_at) values (116, '2025-05-03', '2025-07-25', 188, 189, 'C2', 'A3', 40, '2023-09-08', '2022-11-17', '2023-03-18', '2024-05-24');
insert into Flights (flight_id, sch_departure_time, sch_arrival_time, departing_airport_id, arriving_airport_id, departing_gate, arriving_gate, airline_id, act_departure_time, act_arrival_time, created_at, updated_at) values (117, '2024-01-11', '2024-04-03', 37, 38, 'A2', 'A2', 61, '2024-09-04', '2023-09-27', '2024-07-19', '2023-12-22');
insert into Flights (flight_id, sch_departure_time, sch_arrival_time, departing_airport_id, arriving_airport_id, departing_gate, arriving_gate, airline_id, act_departure_time, act_arrival_time, created_at, updated_at) values (118, '2022-11-19', '2023-02-10', 101, 102, 'B3', 'B1', 22, '2024-02-27', '2023-08-09', '2023-02-15', '2024-08-10');
insert into Flights (flight_id, sch_departure_time, sch_arrival_time, departing_airport_id, arriving_airport_id, departing_gate, arriving_gate, airline_id, act_departure_time, act_arrival_time, created_at, updated_at) values (119, '2022-12-04', '2023-02-26', 90, 91, 'A3', 'A1', 128, '2024-04-13', '2024-01-30', '2024-09-07', '2023-03-28');
insert into Flights (flight_id, sch_departure_time, sch_arrival_time, departing_airport_id, arriving_airport_id, departing_gate, arriving_gate, airline_id, act_departure_time, act_arrival_time, created_at, updated_at) values (120, '2023-05-28', '2023-08-19', 146, 147, 'B1', 'A2', 78, '2024-03-04', '2023-11-13', '2022-10-29', '2023-10-15');
insert into Flights (flight_id, sch_departure_time, sch_arrival_time, departing_airport_id, arriving_airport_id, departing_gate, arriving_gate, airline_id, act_departure_time, act_arrival_time, created_at, updated_at) values (121, '2022-10-30', '2023-01-21', 33, 34, 'C3', 'A1', 95, '2023-06-16', '2023-03-27', '2022-09-29', '2024-01-02');
insert into Flights (flight_id, sch_departure_time, sch_arrival_time, departing_airport_id, arriving_airport_id, departing_gate, arriving_gate, airline_id, act_departure_time, act_arrival_time, created_at, updated_at) values (122, '2025-03-18', '2025-06-10', 163, 164, 'B1', 'C1', 28, '2023-06-15', '2024-04-02', '2024-01-12', '2023-10-12');
insert into Flights (flight_id, sch_departure_time, sch_arrival_time, departing_airport_id, arriving_airport_id, departing_gate, arriving_gate, airline_id, act_departure_time, act_arrival_time, created_at, updated_at) values (123, '2023-04-17', '2023-07-09', 149, 150, 'C2', 'C1', 108, '2024-04-26', '2023-05-09', '2023-08-02', '2023-06-09');
insert into Flights (flight_id, sch_departure_time, sch_arrival_time, departing_airport_id, arriving_airport_id, departing_gate, arriving_gate, airline_id, act_departure_time, act_arrival_time, created_at, updated_at) values (124, '2025-08-07', '2025-10-29', 42, 43, 'C1', 'C1', 115, '2023-12-05', '2024-03-31', '2023-04-22', '2023-07-28');
insert into Flights (flight_id, sch_departure_time, sch_arrival_time, departing_airport_id, arriving_airport_id, departing_gate, arriving_gate, airline_id, act_departure_time, act_arrival_time, created_at, updated_at) values (125, '2024-10-10', '2025-01-02', 178, 179, 'C3', 'C3', 169, '2023-08-04', '2024-08-09', '2023-12-13', '2023-12-17');
insert into Flights (flight_id, sch_departure_time, sch_arrival_time, departing_airport_id, arriving_airport_id, departing_gate, arriving_gate, airline_id, act_departure_time, act_arrival_time, created_at, updated_at) values (126, '2024-02-26', '2024-05-20', 79, 80, 'B1', 'A1', 142, '2024-02-02', '2023-08-29', '2023-01-28', '2023-08-01');
insert into Flights (flight_id, sch_departure_time, sch_arrival_time, departing_airport_id, arriving_airport_id, departing_gate, arriving_gate, airline_id, act_departure_time, act_arrival_time, created_at, updated_at) values (127, '2025-06-21', '2025-09-12', 149, 150, 'A3', 'A2', 63, '2023-12-18', '2023-10-19', '2023-10-14', '2023-10-17');
insert into Flights (flight_id, sch_departure_time, sch_arrival_time, departing_airport_id, arriving_airport_id, departing_gate, arriving_gate, airline_id, act_departure_time, act_arrival_time, created_at, updated_at) values (128, '2024-10-01', '2024-12-24', 20, 21, 'B1', 'C2', 139, '2023-03-29', '2023-05-10', '2023-02-01', '2023-02-14');
insert into Flights (flight_id, sch_departure_time, sch_arrival_time, departing_airport_id, arriving_airport_id, departing_gate, arriving_gate, airline_id, act_departure_time, act_arrival_time, created_at, updated_at) values (129, '2025-06-18', '2025-09-10', 167, 168, 'B1', 'B1', 180, '2024-04-26', '2022-12-05', '2023-11-06', '2024-05-17');
insert into Flights (flight_id, sch_departure_time, sch_arrival_time, departing_airport_id, arriving_airport_id, departing_gate, arriving_gate, airline_id, act_departure_time, act_arrival_time, created_at, updated_at) values (130, '2024-03-16', '2024-06-07', 130, 131, 'C3', 'B3', 186, '2024-07-20', '2024-07-27', '2024-08-17', '2023-05-07');
insert into Flights (flight_id, sch_departure_time, sch_arrival_time, departing_airport_id, arriving_airport_id, departing_gate, arriving_gate, airline_id, act_departure_time, act_arrival_time, created_at, updated_at) values (131, '2025-05-23', '2025-08-14', 32, 33, 'A2', 'B1', 32, '2023-03-24', '2023-07-07', '2024-06-18', '2023-08-26');
insert into Flights (flight_id, sch_departure_time, sch_arrival_time, departing_airport_id, arriving_airport_id, departing_gate, arriving_gate, airline_id, act_departure_time, act_arrival_time, created_at, updated_at) values (132, '2022-10-13', '2023-01-04', 98, 99, 'B2', 'A1', 138, '2024-02-27', '2024-03-08', '2024-02-25', '2023-03-25');
insert into Flights (flight_id, sch_departure_time, sch_arrival_time, departing_airport_id, arriving_airport_id, departing_gate, arriving_gate, airline_id, act_departure_time, act_arrival_time, created_at, updated_at) values (133, '2023-11-08', '2024-01-30', 147, 148, 'C3', 'A1', 33, '2023-02-12', '2024-06-08', '2023-03-19', '2023-09-09');
insert into Flights (flight_id, sch_departure_time, sch_arrival_time, departing_airport_id, arriving_airport_id, departing_gate, arriving_gate, airline_id, act_departure_time, act_arrival_time, created_at, updated_at) values (134, '2025-05-27', '2025-08-18', 141, 142, 'B3', 'A1', 21, '2024-04-14', '2023-12-17', '2024-09-12', '2024-06-04');
insert into Flights (flight_id, sch_departure_time, sch_arrival_time, departing_airport_id, arriving_airport_id, departing_gate, arriving_gate, airline_id, act_departure_time, act_arrival_time, created_at, updated_at) values (135, '2025-03-22', '2025-06-13', 71, 72, 'B3', 'A2', 170, '2022-09-23', '2024-06-17', '2024-03-19', '2023-01-21');
insert into Flights (flight_id, sch_departure_time, sch_arrival_time, departing_airport_id, arriving_airport_id, departing_gate, arriving_gate, airline_id, act_departure_time, act_arrival_time, created_at, updated_at) values (136, '2023-06-04', '2023-08-27', 73, 74, 'A1', 'C3', 30, '2022-11-22', '2024-05-30', '2023-02-11', '2022-11-19');
insert into Flights (flight_id, sch_departure_time, sch_arrival_time, departing_airport_id, arriving_airport_id, departing_gate, arriving_gate, airline_id, act_departure_time, act_arrival_time, created_at, updated_at) values (137, '2022-11-20', '2023-02-11', 43, 44, 'A3', 'B2', 116, '2023-08-28', '2024-09-04', '2024-01-10', '2023-08-28');
insert into Flights (flight_id, sch_departure_time, sch_arrival_time, departing_airport_id, arriving_airport_id, departing_gate, arriving_gate, airline_id, act_departure_time, act_arrival_time, created_at, updated_at) values (138, '2023-08-28', '2023-11-19', 36, 37, 'B3', 'C3', 46, '2023-04-23', '2023-03-02', '2023-07-03', '2024-08-05');
insert into Flights (flight_id, sch_departure_time, sch_arrival_time, departing_airport_id, arriving_airport_id, departing_gate, arriving_gate, airline_id, act_departure_time, act_arrival_time, created_at, updated_at) values (139, '2025-02-25', '2025-05-19', 4, 5, 'C3', 'C1', 190, '2023-04-16', '2024-06-29', '2024-08-12', '2022-10-23');
insert into Flights (flight_id, sch_departure_time, sch_arrival_time, departing_airport_id, arriving_airport_id, departing_gate, arriving_gate, airline_id, act_departure_time, act_arrival_time, created_at, updated_at) values (140, '2025-01-24', '2025-04-17', 14, 15, 'A3', 'A1', 14, '2024-01-03', '2024-08-20', '2024-03-08', '2024-08-21');
insert into Flights (flight_id, sch_departure_time, sch_arrival_time, departing_airport_id, arriving_airport_id, departing_gate, arriving_gate, airline_id, act_departure_time, act_arrival_time, created_at, updated_at) values (141, '2023-07-05', '2023-09-26', 154, 155, 'C2', 'C1', 103, '2023-03-07', '2023-01-03', '2024-06-28', '2023-05-01');
insert into Flights (flight_id, sch_departure_time, sch_arrival_time, departing_airport_id, arriving_airport_id, departing_gate, arriving_gate, airline_id, act_departure_time, act_arrival_time, created_at, updated_at) values (142, '2025-08-14', '2025-11-05', 139, 140, 'B1', 'A3', 63, '2023-01-16', '2023-09-01', '2023-07-30', '2024-02-15');
insert into Flights (flight_id, sch_departure_time, sch_arrival_time, departing_airport_id, arriving_airport_id, departing_gate, arriving_gate, airline_id, act_departure_time, act_arrival_time, created_at, updated_at) values (143, '2023-12-06', '2024-02-27', 166, 167, 'C1', 'A1', 53, '2023-04-15', '2022-12-21', '2024-01-23', '2023-06-03');
insert into Flights (flight_id, sch_departure_time, sch_arrival_time, departing_airport_id, arriving_airport_id, departing_gate, arriving_gate, airline_id, act_departure_time, act_arrival_time, created_at, updated_at) values (144, '2024-06-30', '2024-09-21', 48, 49, 'B1', 'A2', 52, '2023-08-14', '2024-04-14', '2024-05-23', '2024-09-20');
insert into Flights (flight_id, sch_departure_time, sch_arrival_time, departing_airport_id, arriving_airport_id, departing_gate, arriving_gate, airline_id, act_departure_time, act_arrival_time, created_at, updated_at) values (145, '2025-07-31', '2025-10-22', 120, 121, 'C2', 'A3', 174, '2023-03-28', '2022-10-14', '2024-08-31', '2024-01-29');
insert into Flights (flight_id, sch_departure_time, sch_arrival_time, departing_airport_id, arriving_airport_id, departing_gate, arriving_gate, airline_id, act_departure_time, act_arrival_time, created_at, updated_at) values (146, '2023-11-26', '2024-02-17', 116, 117, 'B1', 'A3', 162, '2024-03-31', '2023-09-20', '2022-11-24', '2023-06-07');
insert into Flights (flight_id, sch_departure_time, sch_arrival_time, departing_airport_id, arriving_airport_id, departing_gate, arriving_gate, airline_id, act_departure_time, act_arrival_time, created_at, updated_at) values (147, '2022-10-21', '2023-01-12', 62, 63, 'B3', 'C3', 91, '2022-12-02', '2023-03-24', '2023-10-10', '2022-12-04');
insert into Flights (flight_id, sch_departure_time, sch_arrival_time, departing_airport_id, arriving_airport_id, departing_gate, arriving_gate, airline_id, act_departure_time, act_arrival_time, created_at, updated_at) values (148, '2023-11-17', '2024-02-08', 83, 84, 'A1', 'A3', 148, '2024-06-14', '2023-06-08', '2023-12-09', '2024-06-25');
insert into Flights (flight_id, sch_departure_time, sch_arrival_time, departing_airport_id, arriving_airport_id, departing_gate, arriving_gate, airline_id, act_departure_time, act_arrival_time, created_at, updated_at) values (149, '2023-11-10', '2024-02-01', 3, 4, 'B3', 'A1', 185, '2022-10-24', '2023-11-21', '2022-12-05', '2023-09-18');
insert into Flights (flight_id, sch_departure_time, sch_arrival_time, departing_airport_id, arriving_airport_id, departing_gate, arriving_gate, airline_id, act_departure_time, act_arrival_time, created_at, updated_at) values (150, '2023-12-02', '2024-02-23', 121, 122, 'C2', 'B3', 135, '2023-08-22', '2024-01-16', '2023-07-16', '2024-06-06');
insert into Flights (flight_id, sch_departure_time, sch_arrival_time, departing_airport_id, arriving_airport_id, departing_gate, arriving_gate, airline_id, act_departure_time, act_arrival_time, created_at, updated_at) values (151, '2023-10-14', '2024-01-06', 115, 116, 'A2', 'B1', 53, '2023-12-14', '2023-01-22', '2024-01-08', '2024-02-11');
insert into Flights (flight_id, sch_departure_time, sch_arrival_time, departing_airport_id, arriving_airport_id, departing_gate, arriving_gate, airline_id, act_departure_time, act_arrival_time, created_at, updated_at) values (152, '2025-01-30', '2025-04-23', 91, 92, 'B1', 'C2', 46, '2023-03-16', '2023-04-30', '2024-01-15', '2023-07-23');
insert into Flights (flight_id, sch_departure_time, sch_arrival_time, departing_airport_id, arriving_airport_id, departing_gate, arriving_gate, airline_id, act_departure_time, act_arrival_time, created_at, updated_at) values (153, '2023-07-26', '2023-10-17', 185, 186, 'B1', 'B1', 103, '2024-02-06', '2022-10-24', '2023-07-11', '2023-01-26');
insert into Flights (flight_id, sch_departure_time, sch_arrival_time, departing_airport_id, arriving_airport_id, departing_gate, arriving_gate, airline_id, act_departure_time, act_arrival_time, created_at, updated_at) values (154, '2023-12-19', '2024-03-11', 167, 168, 'B3', 'B1', 196, '2023-09-07', '2023-08-31', '2024-05-20', '2022-10-08');
insert into Flights (flight_id, sch_departure_time, sch_arrival_time, departing_airport_id, arriving_airport_id, departing_gate, arriving_gate, airline_id, act_departure_time, act_arrival_time, created_at, updated_at) values (155, '2024-05-31', '2024-08-22', 101, 102, 'A1', 'C2', 100, '2023-05-28', '2022-11-14', '2024-05-15', '2023-04-24');
insert into Flights (flight_id, sch_departure_time, sch_arrival_time, departing_airport_id, arriving_airport_id, departing_gate, arriving_gate, airline_id, act_departure_time, act_arrival_time, created_at, updated_at) values (156, '2025-06-19', '2025-09-10', 56, 57, 'C2', 'C1', 146, '2023-05-04', '2023-12-11', '2024-09-04', '2023-05-14');
insert into Flights (flight_id, sch_departure_time, sch_arrival_time, departing_airport_id, arriving_airport_id, departing_gate, arriving_gate, airline_id, act_departure_time, act_arrival_time, created_at, updated_at) values (157, '2025-05-28', '2025-08-19', 144, 145, 'B3', 'A2', 122, '2024-07-13', '2024-04-05', '2023-01-29', '2024-06-28');
insert into Flights (flight_id, sch_departure_time, sch_arrival_time, departing_airport_id, arriving_airport_id, departing_gate, arriving_gate, airline_id, act_departure_time, act_arrival_time, created_at, updated_at) values (158, '2023-02-05', '2023-04-29', 21, 22, 'B3', 'C1', 102, '2023-08-12', '2023-03-15', '2023-07-18', '2024-03-29');
insert into Flights (flight_id, sch_departure_time, sch_arrival_time, departing_airport_id, arriving_airport_id, departing_gate, arriving_gate, airline_id, act_departure_time, act_arrival_time, created_at, updated_at) values (159, '2024-08-04', '2024-10-26', 159, 160, 'B2', 'B2', 169, '2023-02-11', '2023-08-27', '2023-08-30', '2024-06-02');
insert into Flights (flight_id, sch_departure_time, sch_arrival_time, departing_airport_id, arriving_airport_id, departing_gate, arriving_gate, airline_id, act_departure_time, act_arrival_time, created_at, updated_at) values (160, '2024-02-24', '2024-05-18', 120, 121, 'B3', 'B3', 51, '2023-09-24', '2024-07-22', '2023-05-02', '2024-04-27');
insert into Flights (flight_id, sch_departure_time, sch_arrival_time, departing_airport_id, arriving_airport_id, departing_gate, arriving_gate, airline_id, act_departure_time, act_arrival_time, created_at, updated_at) values (161, '2023-10-23', '2024-01-14', 42, 43, 'A2', 'B2', 48, '2024-06-13', '2023-07-21', '2024-05-26', '2024-06-09');
insert into Flights (flight_id, sch_departure_time, sch_arrival_time, departing_airport_id, arriving_airport_id, departing_gate, arriving_gate, airline_id, act_departure_time, act_arrival_time, created_at, updated_at) values (162, '2025-05-15', '2025-08-06', 91, 92, 'B2', 'A2', 37, '2023-08-06', '2024-03-01', '2023-08-08', '2023-05-02');
insert into Flights (flight_id, sch_departure_time, sch_arrival_time, departing_airport_id, arriving_airport_id, departing_gate, arriving_gate, airline_id, act_departure_time, act_arrival_time, created_at, updated_at) values (163, '2023-05-14', '2023-08-06', 5, 6, 'B3', 'C3', 126, '2023-05-27', '2023-03-19', '2022-09-24', '2023-03-24');
insert into Flights (flight_id, sch_departure_time, sch_arrival_time, departing_airport_id, arriving_airport_id, departing_gate, arriving_gate, airline_id, act_departure_time, act_arrival_time, created_at, updated_at) values (164, '2024-12-29', '2025-03-22', 71, 72, 'A1', 'B2', 172, '2023-04-12', '2023-06-04', '2023-09-04', '2023-03-26');
insert into Flights (flight_id, sch_departure_time, sch_arrival_time, departing_airport_id, arriving_airport_id, departing_gate, arriving_gate, airline_id, act_departure_time, act_arrival_time, created_at, updated_at) values (165, '2025-05-05', '2025-07-28', 55, 56, 'C3', 'C2', 112, '2024-05-19', '2022-09-24', '2024-07-30', '2023-03-15');
insert into Flights (flight_id, sch_departure_time, sch_arrival_time, departing_airport_id, arriving_airport_id, departing_gate, arriving_gate, airline_id, act_departure_time, act_arrival_time, created_at, updated_at) values (166, '2025-09-11', '2025-12-03', 163, 164, 'A1', 'A3', 67, '2022-10-28', '2024-01-25', '2023-05-13', '2024-03-06');
insert into Flights (flight_id, sch_departure_time, sch_arrival_time, departing_airport_id, arriving_airport_id, departing_gate, arriving_gate, airline_id, act_departure_time, act_arrival_time, created_at, updated_at) values (167, '2024-01-08', '2024-03-31', 143, 144, 'B2', 'A2', 53, '2023-03-17', '2024-02-03', '2024-08-26', '2024-04-24');
insert into Flights (flight_id, sch_departure_time, sch_arrival_time, departing_airport_id, arriving_airport_id, departing_gate, arriving_gate, airline_id, act_departure_time, act_arrival_time, created_at, updated_at) values (168, '2022-11-18', '2023-02-10', 152, 153, 'A3', 'C2', 161, '2023-11-01', '2023-02-10', '2023-01-28', '2024-02-01');
insert into Flights (flight_id, sch_departure_time, sch_arrival_time, departing_airport_id, arriving_airport_id, departing_gate, arriving_gate, airline_id, act_departure_time, act_arrival_time, created_at, updated_at) values (169, '2023-11-09', '2024-01-31', 63, 64, 'A1', 'B3', 14, '2022-12-15', '2023-11-10', '2024-02-11', '2023-05-22');
insert into Flights (flight_id, sch_departure_time, sch_arrival_time, departing_airport_id, arriving_airport_id, departing_gate, arriving_gate, airline_id, act_departure_time, act_arrival_time, created_at, updated_at) values (170, '2025-08-21', '2025-11-13', 105, 106, 'B2', 'B2', 192, '2022-10-13', '2023-03-06', '2023-07-20', '2022-11-26');
insert into Flights (flight_id, sch_departure_time, sch_arrival_time, departing_airport_id, arriving_airport_id, departing_gate, arriving_gate, airline_id, act_departure_time, act_arrival_time, created_at, updated_at) values (171, '2023-04-30', '2023-07-22', 48, 49, 'B3', 'C2', 2, '2023-05-02', '2024-09-22', '2022-11-10', '2023-06-12');
insert into Flights (flight_id, sch_departure_time, sch_arrival_time, departing_airport_id, arriving_airport_id, departing_gate, arriving_gate, airline_id, act_departure_time, act_arrival_time, created_at, updated_at) values (172, '2023-07-13', '2023-10-04', 34, 35, 'A3', 'A3', 82, '2023-09-28', '2023-08-10', '2024-09-08', '2024-03-26');
insert into Flights (flight_id, sch_departure_time, sch_arrival_time, departing_airport_id, arriving_airport_id, departing_gate, arriving_gate, airline_id, act_departure_time, act_arrival_time, created_at, updated_at) values (173, '2023-07-13', '2023-10-04', 21, 22, 'C1', 'B1', 171, '2023-03-27', '2023-08-14', '2023-06-17', '2022-10-05');
insert into Flights (flight_id, sch_departure_time, sch_arrival_time, departing_airport_id, arriving_airport_id, departing_gate, arriving_gate, airline_id, act_departure_time, act_arrival_time, created_at, updated_at) values (174, '2024-02-03', '2024-04-26', 110, 111, 'B1', 'C2', 166, '2022-10-08', '2022-10-30', '2023-01-31', '2024-09-12');
insert into Flights (flight_id, sch_departure_time, sch_arrival_time, departing_airport_id, arriving_airport_id, departing_gate, arriving_gate, airline_id, act_departure_time, act_arrival_time, created_at, updated_at) values (175, '2023-06-06', '2023-08-29', 53, 54, 'A3', 'B3', 76, '2024-02-06', '2023-11-26', '2023-10-01', '2023-07-02');
insert into Flights (flight_id, sch_departure_time, sch_arrival_time, departing_airport_id, arriving_airport_id, departing_gate, arriving_gate, airline_id, act_departure_time, act_arrival_time, created_at, updated_at) values (176, '2025-06-30', '2025-09-21', 188, 189, 'A1', 'B3', 75, '2023-04-08', '2023-12-09', '2024-07-26', '2022-12-12');
insert into Flights (flight_id, sch_departure_time, sch_arrival_time, departing_airport_id, arriving_airport_id, departing_gate, arriving_gate, airline_id, act_departure_time, act_arrival_time, created_at, updated_at) values (177, '2024-08-16', '2024-11-07', 56, 57, 'B3', 'A1', 157, '2023-09-14', '2023-01-20', '2024-09-19', '2023-03-24');
insert into Flights (flight_id, sch_departure_time, sch_arrival_time, departing_airport_id, arriving_airport_id, departing_gate, arriving_gate, airline_id, act_departure_time, act_arrival_time, created_at, updated_at) values (178, '2024-10-28', '2025-01-19', 141, 142, 'C2', 'C1', 89, '2024-03-25', '2022-10-26', '2023-11-20', '2022-10-08');
insert into Flights (flight_id, sch_departure_time, sch_arrival_time, departing_airport_id, arriving_airport_id, departing_gate, arriving_gate, airline_id, act_departure_time, act_arrival_time, created_at, updated_at) values (179, '2024-11-11', '2025-02-02', 70, 71, 'B1', 'C1', 65, '2022-12-14', '2024-08-13', '2023-03-12', '2022-09-28');
insert into Flights (flight_id, sch_departure_time, sch_arrival_time, departing_airport_id, arriving_airport_id, departing_gate, arriving_gate, airline_id, act_departure_time, act_arrival_time, created_at, updated_at) values (180, '2023-05-12', '2023-08-03', 38, 39, 'C3', 'C1', 106, '2024-04-16', '2022-12-14', '2023-10-06', '2022-11-18');
insert into Flights (flight_id, sch_departure_time, sch_arrival_time, departing_airport_id, arriving_airport_id, departing_gate, arriving_gate, airline_id, act_departure_time, act_arrival_time, created_at, updated_at) values (181, '2024-01-26', '2024-04-18', 53, 54, 'A1', 'B3', 4, '2023-06-14', '2023-10-24', '2024-02-06', '2024-07-29');
insert into Flights (flight_id, sch_departure_time, sch_arrival_time, departing_airport_id, arriving_airport_id, departing_gate, arriving_gate, airline_id, act_departure_time, act_arrival_time, created_at, updated_at) values (182, '2023-10-26', '2024-01-17', 176, 177, 'C2', 'B3', 197, '2023-03-22', '2024-01-15', '2023-10-16', '2023-02-26');
insert into Flights (flight_id, sch_departure_time, sch_arrival_time, departing_airport_id, arriving_airport_id, departing_gate, arriving_gate, airline_id, act_departure_time, act_arrival_time, created_at, updated_at) values (183, '2022-12-07', '2023-02-28', 100, 101, 'C1', 'A2', 138, '2022-10-12', '2023-07-31', '2024-05-25', '2023-07-17');
insert into Flights (flight_id, sch_departure_time, sch_arrival_time, departing_airport_id, arriving_airport_id, departing_gate, arriving_gate, airline_id, act_departure_time, act_arrival_time, created_at, updated_at) values (184, '2024-06-08', '2024-08-30', 134, 135, 'C3', 'B1', 26, '2024-01-06', '2022-10-02', '2022-09-27', '2023-05-27');
insert into Flights (flight_id, sch_departure_time, sch_arrival_time, departing_airport_id, arriving_airport_id, departing_gate, arriving_gate, airline_id, act_departure_time, act_arrival_time, created_at, updated_at) values (185, '2023-11-03', '2024-01-25', 113, 114, 'A1', 'B3', 108, '2022-10-03', '2023-02-11', '2023-09-17', '2023-05-15');
insert into Flights (flight_id, sch_departure_time, sch_arrival_time, departing_airport_id, arriving_airport_id, departing_gate, arriving_gate, airline_id, act_departure_time, act_arrival_time, created_at, updated_at) values (186, '2023-02-23', '2023-05-18', 91, 92, 'A1', 'C1', 160, '2023-10-22', '2024-06-01', '2023-06-19', '2024-03-09');
insert into Flights (flight_id, sch_departure_time, sch_arrival_time, departing_airport_id, arriving_airport_id, departing_gate, arriving_gate, airline_id, act_departure_time, act_arrival_time, created_at, updated_at) values (187, '2024-12-20', '2025-03-13', 66, 67, 'B1', 'B2', 33, '2023-02-01', '2023-11-03', '2023-04-06', '2023-02-10');
insert into Flights (flight_id, sch_departure_time, sch_arrival_time, departing_airport_id, arriving_airport_id, departing_gate, arriving_gate, airline_id, act_departure_time, act_arrival_time, created_at, updated_at) values (188, '2022-12-15', '2023-03-09', 93, 94, 'A3', 'B2', 167, '2023-05-21', '2024-07-06', '2023-12-17', '2024-04-29');
insert into Flights (flight_id, sch_departure_time, sch_arrival_time, departing_airport_id, arriving_airport_id, departing_gate, arriving_gate, airline_id, act_departure_time, act_arrival_time, created_at, updated_at) values (189, '2023-09-25', '2023-12-17', 168, 169, 'B1', 'C1', 138, '2024-03-22', '2024-06-22', '2024-06-26', '2024-03-14');
insert into Flights (flight_id, sch_departure_time, sch_arrival_time, departing_airport_id, arriving_airport_id, departing_gate, arriving_gate, airline_id, act_departure_time, act_arrival_time, created_at, updated_at) values (190, '2024-09-16', '2024-12-09', 160, 161, 'C2', 'B3', 20, '2022-12-25', '2023-02-04', '2023-02-14', '2023-04-03');
insert into Flights (flight_id, sch_departure_time, sch_arrival_time, departing_airport_id, arriving_airport_id, departing_gate, arriving_gate, airline_id, act_departure_time, act_arrival_time, created_at, updated_at) values (191, '2025-07-18', '2025-10-09', 73, 74, 'C3', 'A3', 140, '2024-02-07', '2023-03-02', '2024-07-07', '2024-01-06');
insert into Flights (flight_id, sch_departure_time, sch_arrival_time, departing_airport_id, arriving_airport_id, departing_gate, arriving_gate, airline_id, act_departure_time, act_arrival_time, created_at, updated_at) values (192, '2024-08-06', '2024-10-28', 195, 196, 'A2', 'A3', 34, '2023-07-16', '2022-09-29', '2023-08-01', '2022-11-17');
insert into Flights (flight_id, sch_departure_time, sch_arrival_time, departing_airport_id, arriving_airport_id, departing_gate, arriving_gate, airline_id, act_departure_time, act_arrival_time, created_at, updated_at) values (193, '2023-12-28', '2024-03-21', 21, 22, 'C2', 'A1', 175, '2023-11-09', '2023-08-26', '2024-07-31', '2024-06-15');
insert into Flights (flight_id, sch_departure_time, sch_arrival_time, departing_airport_id, arriving_airport_id, departing_gate, arriving_gate, airline_id, act_departure_time, act_arrival_time, created_at, updated_at) values (194, '2024-12-18', '2025-03-12', 40, 41, 'A3', 'C1', 16, '2023-07-23', '2024-02-10', '2022-10-19', '2022-10-12');
insert into Flights (flight_id, sch_departure_time, sch_arrival_time, departing_airport_id, arriving_airport_id, departing_gate, arriving_gate, airline_id, act_departure_time, act_arrival_time, created_at, updated_at) values (195, '2023-11-08', '2024-01-30', 70, 71, 'A3', 'B1', 200, '2023-10-17', '2024-06-21', '2023-07-01', '2022-10-09');
insert into Flights (flight_id, sch_departure_time, sch_arrival_time, departing_airport_id, arriving_airport_id, departing_gate, arriving_gate, airline_id, act_departure_time, act_arrival_time, created_at, updated_at) values (196, '2025-01-26', '2025-04-19', 117, 118, 'B2', 'A3', 99, '2023-11-04', '2023-09-01', '2023-11-08', '2024-09-13');
insert into Flights (flight_id, sch_departure_time, sch_arrival_time, departing_airport_id, arriving_airport_id, departing_gate, arriving_gate, airline_id, act_departure_time, act_arrival_time, created_at, updated_at) values (197, '2022-11-03', '2023-01-26', 98, 99, 'A2', 'B2', 165, '2023-07-04', '2023-09-30', '2024-03-20', '2024-05-27');
insert into Flights (flight_id, sch_departure_time, sch_arrival_time, departing_airport_id, arriving_airport_id, departing_gate, arriving_gate, airline_id, act_departure_time, act_arrival_time, created_at, updated_at) values (198, '2022-12-04', '2023-02-25', 44, 45, 'B2', 'B2', 42, '2023-03-30', '2023-12-29', '2024-06-29', '2024-02-16');
insert into Flights (flight_id, sch_departure_time, sch_arrival_time, departing_airport_id, arriving_airport_id, departing_gate, arriving_gate, airline_id, act_departure_time, act_arrival_time, created_at, updated_at) values (199, '2022-10-08', '2022-12-30', 42, 43, 'B2', 'A1', 77, '2023-10-24', '2023-12-25', '2023-12-22', '2024-09-10');
insert into Flights (flight_id, sch_departure_time, sch_arrival_time, departing_airport_id, arriving_airport_id, departing_gate, arriving_gate, airline_id, act_departure_time, act_arrival_time, created_at, updated_at) values (200, '2022-11-09', '2023-02-01', 74, 75, 'A2', 'B1', 97, '2024-09-09', '2023-10-18', '2023-02-25', '2024-07-21');

insert into Passengers (passenger_id, first_name, last_name, date_of_birth, gender, country_of_citizenship, country_of_residence, passport_number, created_at, updated_at) values (1, 'Maryanne', 'Siebert', '1972-02-04', 'Female', 'China', 'Egypt', 'IW8207859', '2024-07-16', '2043-09-15');
insert into Passengers (passenger_id, first_name, last_name, date_of_birth, gender, country_of_citizenship, country_of_residence, passport_number, created_at, updated_at) values (2, 'Adina', 'Meace', '2014-05-17', 'Male', 'Norway', 'China', 'CN0763819', '2023-11-15', '2043-01-14');
insert into Passengers (passenger_id, first_name, last_name, date_of_birth, gender, country_of_citizenship, country_of_residence, passport_number, created_at, updated_at) values (3, 'Kennett', 'Robart', '2019-12-07', 'Female', 'Russia', 'China', 'DE2704787', '2023-05-15', '2042-07-14');
insert into Passengers (passenger_id, first_name, last_name, date_of_birth, gender, country_of_citizenship, country_of_residence, passport_number, created_at, updated_at) values (4, 'Drake', 'Denecamp', '2006-10-25', 'Female', 'Philippines', 'Poland', 'LO9590257', '2023-09-28', '2042-11-27');
insert into Passengers (passenger_id, first_name, last_name, date_of_birth, gender, country_of_citizenship, country_of_residence, passport_number, created_at, updated_at) values (5, 'Man', 'Floyed', '1960-11-18', 'Male', 'United States', 'Ukraine', 'RB3593839', '2023-03-25', '2042-05-24');
insert into Passengers (passenger_id, first_name, last_name, date_of_birth, gender, country_of_citizenship, country_of_residence, passport_number, created_at, updated_at) values (6, 'Pippy', 'McCurt', '1968-01-23', 'Female', 'Sri Lanka', 'United Arab Emirates', 'NB2045427', '2024-04-12', '2043-06-12');
insert into Passengers (passenger_id, first_name, last_name, date_of_birth, gender, country_of_citizenship, country_of_residence, passport_number, created_at, updated_at) values (7, 'Cornall', 'Woltman', '2012-07-22', 'Female', 'China', 'Colombia', 'CH1142720', '2023-02-19', '2042-04-20');
insert into Passengers (passenger_id, first_name, last_name, date_of_birth, gender, country_of_citizenship, country_of_residence, passport_number, created_at, updated_at) values (8, 'Aksel', 'Stanlake', '1966-03-14', 'Female', 'Belgium', 'Morocco', 'LA8388573', '2023-09-15', '2042-11-14');
insert into Passengers (passenger_id, first_name, last_name, date_of_birth, gender, country_of_citizenship, country_of_residence, passport_number, created_at, updated_at) values (9, 'Jannel', 'Dingwall', '1979-06-14', 'Male', 'Japan', 'China', 'UU2703081', '2023-08-24', '2042-10-23');
insert into Passengers (passenger_id, first_name, last_name, date_of_birth, gender, country_of_citizenship, country_of_residence, passport_number, created_at, updated_at) values (10, 'Klement', 'Feighry', '1951-10-07', 'Male', 'Russia', 'Russia', 'FO0344844', '2023-11-08', '2043-01-07');
insert into Passengers (passenger_id, first_name, last_name, date_of_birth, gender, country_of_citizenship, country_of_residence, passport_number, created_at, updated_at) values (11, 'Lacey', 'Sarvar', '1956-12-06', 'Female', 'Philippines', 'France', 'CV6948925', '2023-11-27', '2043-01-26');
insert into Passengers (passenger_id, first_name, last_name, date_of_birth, gender, country_of_citizenship, country_of_residence, passport_number, created_at, updated_at) values (12, 'Osborne', 'Madgewick', '1962-05-10', 'Male', 'China', 'Brazil', 'GO0907800', '2024-06-08', '2043-08-08');
insert into Passengers (passenger_id, first_name, last_name, date_of_birth, gender, country_of_citizenship, country_of_residence, passport_number, created_at, updated_at) values (13, 'Dorolisa', 'Cronkshaw', '2009-03-19', 'Male', 'Indonesia', 'France', 'PY7473117', '2023-10-07', '2042-12-06');
insert into Passengers (passenger_id, first_name, last_name, date_of_birth, gender, country_of_citizenship, country_of_residence, passport_number, created_at, updated_at) values (14, 'Tome', 'Gyppes', '2009-10-08', 'Female', 'Indonesia', 'Macedonia', 'NM5407135', '2023-08-29', '2042-10-28');
insert into Passengers (passenger_id, first_name, last_name, date_of_birth, gender, country_of_citizenship, country_of_residence, passport_number, created_at, updated_at) values (15, 'Jandy', 'Rutt', '2017-03-16', 'Female', 'Chile', 'China', 'FM4645343', '2024-08-29', '2043-10-29');
insert into Passengers (passenger_id, first_name, last_name, date_of_birth, gender, country_of_citizenship, country_of_residence, passport_number, created_at, updated_at) values (16, 'Georges', 'Attwill', '1958-05-07', 'Male', 'Philippines', 'China', 'IE9088848', '2023-02-12', '2042-04-13');
insert into Passengers (passenger_id, first_name, last_name, date_of_birth, gender, country_of_citizenship, country_of_residence, passport_number, created_at, updated_at) values (17, 'Merrill', 'von Hagt', '1984-09-19', 'Female', 'Japan', 'United Kingdom', 'KH7562459', '2022-09-26', '2041-11-25');
insert into Passengers (passenger_id, first_name, last_name, date_of_birth, gender, country_of_citizenship, country_of_residence, passport_number, created_at, updated_at) values (18, 'Konstantine', 'Kellock', '1972-06-23', 'Female', 'Philippines', 'Canada', 'OE9039761', '2023-01-27', '2042-03-28');
insert into Passengers (passenger_id, first_name, last_name, date_of_birth, gender, country_of_citizenship, country_of_residence, passport_number, created_at, updated_at) values (19, 'Auberon', 'Garry', '1961-09-17', 'Female', 'Portugal', 'Jamaica', 'UL4298225', '2023-03-29', '2042-05-28');
insert into Passengers (passenger_id, first_name, last_name, date_of_birth, gender, country_of_citizenship, country_of_residence, passport_number, created_at, updated_at) values (20, 'Freddie', 'Wride', '1975-04-18', 'Female', 'Ukraine', 'China', 'ZD5176699', '2023-10-23', '2042-12-22');
insert into Passengers (passenger_id, first_name, last_name, date_of_birth, gender, country_of_citizenship, country_of_residence, passport_number, created_at, updated_at) values (21, 'Noemi', 'Barcke', '1998-10-28', 'Male', 'China', 'Indonesia', 'NR8610851', '2023-08-15', '2042-10-14');
insert into Passengers (passenger_id, first_name, last_name, date_of_birth, gender, country_of_citizenship, country_of_residence, passport_number, created_at, updated_at) values (22, 'Madelin', 'Heineke', '1974-11-07', 'Female', 'China', 'Pakistan', 'XR5968476', '2023-06-21', '2042-08-20');
insert into Passengers (passenger_id, first_name, last_name, date_of_birth, gender, country_of_citizenship, country_of_residence, passport_number, created_at, updated_at) values (23, 'Wilma', 'Margach', '2001-06-17', 'Female', 'Malaysia', 'Togo', 'CG0843748', '2023-07-07', '2042-09-05');
insert into Passengers (passenger_id, first_name, last_name, date_of_birth, gender, country_of_citizenship, country_of_residence, passport_number, created_at, updated_at) values (24, 'Myrilla', 'Kleinerman', '2017-02-03', 'Female', 'France', 'Ukraine', 'YY7643522', '2022-12-08', '2042-02-06');
insert into Passengers (passenger_id, first_name, last_name, date_of_birth, gender, country_of_citizenship, country_of_residence, passport_number, created_at, updated_at) values (25, 'Mella', 'Hanbury', '1966-10-17', 'Female', 'Brazil', 'Russia', 'MH5289570', '2023-03-11', '2042-05-10');
insert into Passengers (passenger_id, first_name, last_name, date_of_birth, gender, country_of_citizenship, country_of_residence, passport_number, created_at, updated_at) values (26, 'Zacharia', 'Nerne', '1976-10-18', 'Male', 'Pakistan', 'Philippines', 'OC9973767', '2024-08-21', '2043-10-21');
insert into Passengers (passenger_id, first_name, last_name, date_of_birth, gender, country_of_citizenship, country_of_residence, passport_number, created_at, updated_at) values (27, 'Elbert', 'Kleynen', '1963-08-17', 'Male', 'Portugal', 'Armenia', 'DX4359682', '2024-05-19', '2043-07-19');
insert into Passengers (passenger_id, first_name, last_name, date_of_birth, gender, country_of_citizenship, country_of_residence, passport_number, created_at, updated_at) values (28, 'Noak', 'Swains', '1984-10-27', 'Female', 'Mexico', 'Indonesia', 'OR9918546', '2022-11-12', '2042-01-11');
insert into Passengers (passenger_id, first_name, last_name, date_of_birth, gender, country_of_citizenship, country_of_residence, passport_number, created_at, updated_at) values (29, 'Deane', 'Stroobant', '1950-11-18', 'Male', 'Brazil', 'Reunion', 'BV8418162', '2023-08-13', '2042-10-12');
insert into Passengers (passenger_id, first_name, last_name, date_of_birth, gender, country_of_citizenship, country_of_residence, passport_number, created_at, updated_at) values (30, 'Thatcher', 'McFie', '2018-03-23', 'Male', 'Panama', 'Greece', 'GA2823625', '2022-12-22', '2042-02-20');
insert into Passengers (passenger_id, first_name, last_name, date_of_birth, gender, country_of_citizenship, country_of_residence, passport_number, created_at, updated_at) values (31, 'Tarah', 'Henri', '1991-12-10', 'Female', 'Belgium', 'Costa Rica', 'SL1507968', '2024-03-06', '2043-05-06');
insert into Passengers (passenger_id, first_name, last_name, date_of_birth, gender, country_of_citizenship, country_of_residence, passport_number, created_at, updated_at) values (32, 'Gwenora', 'Wayon', '1963-10-22', 'Female', 'Sweden', 'Japan', 'BS9621498', '2023-06-03', '2042-08-02');
insert into Passengers (passenger_id, first_name, last_name, date_of_birth, gender, country_of_citizenship, country_of_residence, passport_number, created_at, updated_at) values (33, 'Warde', 'Royse', '1975-12-31', 'Male', 'Indonesia', 'China', 'HN3321045', '2024-05-05', '2043-07-05');
insert into Passengers (passenger_id, first_name, last_name, date_of_birth, gender, country_of_citizenship, country_of_residence, passport_number, created_at, updated_at) values (34, 'Gardner', 'Moyle', '1958-09-13', 'Female', 'Russia', 'Russia', 'CN3830881', '2023-02-01', '2042-04-02');
insert into Passengers (passenger_id, first_name, last_name, date_of_birth, gender, country_of_citizenship, country_of_residence, passport_number, created_at, updated_at) values (35, 'Sue', 'Hellicar', '1998-04-04', 'Female', 'China', 'Portugal', 'TY0718627', '2024-07-28', '2043-09-27');
insert into Passengers (passenger_id, first_name, last_name, date_of_birth, gender, country_of_citizenship, country_of_residence, passport_number, created_at, updated_at) values (36, 'Cornie', 'Prettjohn', '2000-02-20', 'Male', 'Germany', 'Philippines', 'QB5272343', '2022-10-04', '2041-12-03');
insert into Passengers (passenger_id, first_name, last_name, date_of_birth, gender, country_of_citizenship, country_of_residence, passport_number, created_at, updated_at) values (37, 'Archy', 'Payze', '1985-04-12', 'Female', 'Luxembourg', 'Guatemala', 'WO5559395', '2024-06-02', '2043-08-02');
insert into Passengers (passenger_id, first_name, last_name, date_of_birth, gender, country_of_citizenship, country_of_residence, passport_number, created_at, updated_at) values (38, 'Stu', 'Shore', '1953-05-22', 'Male', 'Indonesia', 'Philippines', 'LI9994224', '2024-05-29', '2043-07-29');
insert into Passengers (passenger_id, first_name, last_name, date_of_birth, gender, country_of_citizenship, country_of_residence, passport_number, created_at, updated_at) values (39, 'Shelbi', 'Phinnessy', '1994-08-26', 'Female', 'Israel', 'Portugal', 'FF4582951', '2024-08-11', '2043-10-11');
insert into Passengers (passenger_id, first_name, last_name, date_of_birth, gender, country_of_citizenship, country_of_residence, passport_number, created_at, updated_at) values (40, 'Rici', 'Riha', '1953-05-25', 'Male', 'United States', 'China', 'JG4812243', '2023-12-19', '2043-02-17');
insert into Passengers (passenger_id, first_name, last_name, date_of_birth, gender, country_of_citizenship, country_of_residence, passport_number, created_at, updated_at) values (41, 'Gerri', 'Stedson', '1970-10-07', 'Male', 'France', 'China', 'GB5265546', '2023-03-08', '2042-05-07');
insert into Passengers (passenger_id, first_name, last_name, date_of_birth, gender, country_of_citizenship, country_of_residence, passport_number, created_at, updated_at) values (42, 'Ailina', 'Corrin', '1983-02-01', 'Female', 'Indonesia', 'Brazil', 'JA5998242', '2022-12-17', '2042-02-15');
insert into Passengers (passenger_id, first_name, last_name, date_of_birth, gender, country_of_citizenship, country_of_residence, passport_number, created_at, updated_at) values (43, 'Mackenzie', 'Stanfield', '1999-08-18', 'Female', 'China', 'Philippines', 'UX3568073', '2024-04-07', '2043-06-07');
insert into Passengers (passenger_id, first_name, last_name, date_of_birth, gender, country_of_citizenship, country_of_residence, passport_number, created_at, updated_at) values (44, 'Iorgo', 'Malinson', '1972-09-01', 'Female', 'Philippines', 'United States', 'NS0334440', '2023-06-14', '2042-08-13');
insert into Passengers (passenger_id, first_name, last_name, date_of_birth, gender, country_of_citizenship, country_of_residence, passport_number, created_at, updated_at) values (45, 'Kissie', 'Rounds', '1991-01-23', 'Male', 'Philippines', 'United States', 'FA8545364', '2024-05-14', '2043-07-14');
insert into Passengers (passenger_id, first_name, last_name, date_of_birth, gender, country_of_citizenship, country_of_residence, passport_number, created_at, updated_at) values (46, 'Jeane', 'Physic', '1962-11-01', 'Male', 'Brunei', 'Russia', 'FT1671555', '2024-04-20', '2043-06-20');
insert into Passengers (passenger_id, first_name, last_name, date_of_birth, gender, country_of_citizenship, country_of_residence, passport_number, created_at, updated_at) values (47, 'See', 'Larkkem', '1970-03-13', 'Female', 'China', 'Japan', 'TQ3417347', '2023-09-13', '2042-11-12');
insert into Passengers (passenger_id, first_name, last_name, date_of_birth, gender, country_of_citizenship, country_of_residence, passport_number, created_at, updated_at) values (48, 'Zollie', 'Sauvain', '1987-07-01', 'Male', 'Belarus', 'Argentina', 'XO3005203', '2022-12-18', '2042-02-16');
insert into Passengers (passenger_id, first_name, last_name, date_of_birth, gender, country_of_citizenship, country_of_residence, passport_number, created_at, updated_at) values (49, 'Cinnamon', 'Stife', '1970-07-14', 'Female', 'Portugal', 'Greece', 'BY0766150', '2023-03-14', '2042-05-13');
insert into Passengers (passenger_id, first_name, last_name, date_of_birth, gender, country_of_citizenship, country_of_residence, passport_number, created_at, updated_at) values (50, 'Sigmund', 'Eliff', '1979-03-07', 'Male', 'Colombia', 'Philippines', 'ML2866355', '2024-07-03', '2043-09-02');
insert into Passengers (passenger_id, first_name, last_name, date_of_birth, gender, country_of_citizenship, country_of_residence, passport_number, created_at, updated_at) values (51, 'Prudi', 'Linfitt', '1961-11-28', 'Male', 'France', 'France', 'EH6083081', '2022-10-14', '2041-12-13');
insert into Passengers (passenger_id, first_name, last_name, date_of_birth, gender, country_of_citizenship, country_of_residence, passport_number, created_at, updated_at) values (52, 'Torie', 'Goggin', '2006-01-19', 'Male', 'China', 'Philippines', 'QI5067436', '2024-01-07', '2043-03-08');
insert into Passengers (passenger_id, first_name, last_name, date_of_birth, gender, country_of_citizenship, country_of_residence, passport_number, created_at, updated_at) values (53, 'Cassaundra', 'Simonot', '1963-05-12', 'Female', 'China', 'Russia', 'JA4315253', '2023-12-02', '2043-01-31');
insert into Passengers (passenger_id, first_name, last_name, date_of_birth, gender, country_of_citizenship, country_of_residence, passport_number, created_at, updated_at) values (54, 'Clara', 'Medlen', '2013-01-01', 'Female', 'Bulgaria', 'France', 'MI1818773', '2024-04-23', '2043-06-23');
insert into Passengers (passenger_id, first_name, last_name, date_of_birth, gender, country_of_citizenship, country_of_residence, passport_number, created_at, updated_at) values (55, 'Zacharia', 'Swigg', '2001-03-19', 'Female', 'China', 'Kazakhstan', 'UX0364111', '2024-09-11', '2043-11-11');
insert into Passengers (passenger_id, first_name, last_name, date_of_birth, gender, country_of_citizenship, country_of_residence, passport_number, created_at, updated_at) values (56, 'Abraham', 'McInility', '1962-05-24', 'Male', 'Azerbaijan', 'Argentina', 'YY2406879', '2024-07-22', '2043-09-21');
insert into Passengers (passenger_id, first_name, last_name, date_of_birth, gender, country_of_citizenship, country_of_residence, passport_number, created_at, updated_at) values (57, 'Blane', 'Crudge', '1971-06-13', 'Female', 'China', 'American Samoa', 'TG8992938', '2024-02-18', '2043-04-19');
insert into Passengers (passenger_id, first_name, last_name, date_of_birth, gender, country_of_citizenship, country_of_residence, passport_number, created_at, updated_at) values (58, 'Shelli', 'Pevie', '2020-03-14', 'Male', 'China', 'United States', 'OT9144362', '2022-11-03', '2042-01-02');
insert into Passengers (passenger_id, first_name, last_name, date_of_birth, gender, country_of_citizenship, country_of_residence, passport_number, created_at, updated_at) values (59, 'Erwin', 'Huster', '1997-10-27', 'Male', 'Serbia', 'Russia', 'CE3723662', '2024-09-01', '2043-11-01');
insert into Passengers (passenger_id, first_name, last_name, date_of_birth, gender, country_of_citizenship, country_of_residence, passport_number, created_at, updated_at) values (60, 'Katrinka', 'Coster', '1993-04-27', 'Female', 'Indonesia', 'Spain', 'KP5533736', '2024-08-22', '2043-10-22');
insert into Passengers (passenger_id, first_name, last_name, date_of_birth, gender, country_of_citizenship, country_of_residence, passport_number, created_at, updated_at) values (61, 'Karlotte', 'Berr', '1953-02-25', 'Male', 'Portugal', 'Bonaire, Saint Eustatius and Saba ', 'NZ3004658', '2023-03-26', '2042-05-25');
insert into Passengers (passenger_id, first_name, last_name, date_of_birth, gender, country_of_citizenship, country_of_residence, passport_number, created_at, updated_at) values (62, 'Florian', 'Annell', '1995-12-21', 'Male', 'Yemen', 'Norway', 'ZV5440602', '2024-01-31', '2043-04-01');
insert into Passengers (passenger_id, first_name, last_name, date_of_birth, gender, country_of_citizenship, country_of_residence, passport_number, created_at, updated_at) values (63, 'Micheline', 'Gouldsmith', '2006-09-20', 'Male', 'China', 'China', 'AV8662032', '2022-12-12', '2042-02-10');
insert into Passengers (passenger_id, first_name, last_name, date_of_birth, gender, country_of_citizenship, country_of_residence, passport_number, created_at, updated_at) values (64, 'Thorsten', 'Conboy', '1978-01-10', 'Male', 'Yemen', 'France', 'GE5360728', '2024-03-20', '2043-05-20');
insert into Passengers (passenger_id, first_name, last_name, date_of_birth, gender, country_of_citizenship, country_of_residence, passport_number, created_at, updated_at) values (65, 'Boycie', 'Aphale', '1954-10-20', 'Female', 'Indonesia', 'China', 'MC6010395', '2023-08-23', '2042-10-22');
insert into Passengers (passenger_id, first_name, last_name, date_of_birth, gender, country_of_citizenship, country_of_residence, passport_number, created_at, updated_at) values (66, 'Dasha', 'Druce', '1961-08-11', 'Male', 'China', 'Nigeria', 'NY1298962', '2024-02-19', '2043-04-20');
insert into Passengers (passenger_id, first_name, last_name, date_of_birth, gender, country_of_citizenship, country_of_residence, passport_number, created_at, updated_at) values (67, 'Shane', 'Coniam', '1985-03-27', 'Male', 'Ethiopia', 'Finland', 'PO9568914', '2023-06-19', '2042-08-18');
insert into Passengers (passenger_id, first_name, last_name, date_of_birth, gender, country_of_citizenship, country_of_residence, passport_number, created_at, updated_at) values (68, 'Elsie', 'Monan', '1996-11-16', 'Male', 'Russia', 'Philippines', 'GQ5753946', '2023-03-11', '2042-05-10');
insert into Passengers (passenger_id, first_name, last_name, date_of_birth, gender, country_of_citizenship, country_of_residence, passport_number, created_at, updated_at) values (69, 'Edwina', 'Kryzhov', '1979-11-07', 'Female', 'Norway', 'Brazil', 'TQ3339597', '2024-03-30', '2043-05-30');
insert into Passengers (passenger_id, first_name, last_name, date_of_birth, gender, country_of_citizenship, country_of_residence, passport_number, created_at, updated_at) values (70, 'Ruddy', 'Demcak', '1972-09-05', 'Male', 'Chile', 'Indonesia', 'CT9675426', '2024-05-15', '2043-07-15');
insert into Passengers (passenger_id, first_name, last_name, date_of_birth, gender, country_of_citizenship, country_of_residence, passport_number, created_at, updated_at) values (71, 'Mina', 'Brill', '1986-03-12', 'Female', 'China', 'Russia', 'DX4802856', '2022-10-11', '2041-12-10');
insert into Passengers (passenger_id, first_name, last_name, date_of_birth, gender, country_of_citizenship, country_of_residence, passport_number, created_at, updated_at) values (72, 'Mel', 'Linge', '1971-09-08', 'Male', 'Chad', 'Albania', 'QB1092020', '2024-05-25', '2043-07-25');
insert into Passengers (passenger_id, first_name, last_name, date_of_birth, gender, country_of_citizenship, country_of_residence, passport_number, created_at, updated_at) values (73, 'Chaunce', 'Formilli', '1958-04-19', 'Male', 'Bulgaria', 'Niger', 'LW2004711', '2024-06-26', '2043-08-26');
insert into Passengers (passenger_id, first_name, last_name, date_of_birth, gender, country_of_citizenship, country_of_residence, passport_number, created_at, updated_at) values (74, 'Edwin', 'Staniforth', '1960-05-25', 'Male', 'Indonesia', 'Nigeria', 'WR7528324', '2024-09-21', '2043-11-21');
insert into Passengers (passenger_id, first_name, last_name, date_of_birth, gender, country_of_citizenship, country_of_residence, passport_number, created_at, updated_at) values (75, 'Madelaine', 'Miskin', '1981-10-11', 'Male', 'Poland', 'Indonesia', 'TX7933730', '2023-06-20', '2042-08-19');
insert into Passengers (passenger_id, first_name, last_name, date_of_birth, gender, country_of_citizenship, country_of_residence, passport_number, created_at, updated_at) values (76, 'Abigale', 'Pillinger', '1996-03-10', 'Female', 'China', 'Brazil', 'PK4744397', '2024-07-28', '2043-09-27');
insert into Passengers (passenger_id, first_name, last_name, date_of_birth, gender, country_of_citizenship, country_of_residence, passport_number, created_at, updated_at) values (77, 'Cordelie', 'Hutcheson', '1965-08-01', 'Male', 'Peru', 'China', 'AH2780940', '2024-06-20', '2043-08-20');
insert into Passengers (passenger_id, first_name, last_name, date_of_birth, gender, country_of_citizenship, country_of_residence, passport_number, created_at, updated_at) values (78, 'Essie', 'Braybrook', '2014-08-24', 'Female', 'France', 'Hungary', 'HA5680478', '2024-07-11', '2043-09-10');
insert into Passengers (passenger_id, first_name, last_name, date_of_birth, gender, country_of_citizenship, country_of_residence, passport_number, created_at, updated_at) values (79, 'Antonia', 'Cokely', '2004-09-17', 'Male', 'Costa Rica', 'Philippines', 'VX1581269', '2024-06-09', '2043-08-09');
insert into Passengers (passenger_id, first_name, last_name, date_of_birth, gender, country_of_citizenship, country_of_residence, passport_number, created_at, updated_at) values (80, 'Timmy', 'Dreghorn', '1991-01-30', 'Male', 'Macedonia', 'Portugal', 'BD4109071', '2023-01-14', '2042-03-15');
insert into Passengers (passenger_id, first_name, last_name, date_of_birth, gender, country_of_citizenship, country_of_residence, passport_number, created_at, updated_at) values (81, 'Gerda', 'Broschek', '1999-12-20', 'Male', 'China', 'Bangladesh', 'TE9562886', '2024-07-09', '2043-09-08');
insert into Passengers (passenger_id, first_name, last_name, date_of_birth, gender, country_of_citizenship, country_of_residence, passport_number, created_at, updated_at) values (82, 'Olva', 'Stooders', '1984-12-29', 'Female', 'China', 'France', 'HO3761908', '2024-02-22', '2043-04-23');
insert into Passengers (passenger_id, first_name, last_name, date_of_birth, gender, country_of_citizenship, country_of_residence, passport_number, created_at, updated_at) values (83, 'Cristal', 'Mandrier', '1971-04-08', 'Male', 'Indonesia', 'Russia', 'HT4190462', '2024-06-11', '2043-08-11');
insert into Passengers (passenger_id, first_name, last_name, date_of_birth, gender, country_of_citizenship, country_of_residence, passport_number, created_at, updated_at) values (84, 'Marybeth', 'Auchterlonie', '1973-08-28', 'Female', 'Tunisia', 'Greece', 'QS6832694', '2023-06-09', '2042-08-08');
insert into Passengers (passenger_id, first_name, last_name, date_of_birth, gender, country_of_citizenship, country_of_residence, passport_number, created_at, updated_at) values (85, 'Roderigo', 'Matityahu', '2008-01-19', 'Male', 'France', 'Philippines', 'YB9691512', '2023-10-07', '2042-12-06');
insert into Passengers (passenger_id, first_name, last_name, date_of_birth, gender, country_of_citizenship, country_of_residence, passport_number, created_at, updated_at) values (86, 'Mathilda', 'Selwood', '1984-01-01', 'Male', 'Micronesia', 'Indonesia', 'AN4625383', '2023-07-24', '2042-09-22');
insert into Passengers (passenger_id, first_name, last_name, date_of_birth, gender, country_of_citizenship, country_of_residence, passport_number, created_at, updated_at) values (87, 'My', 'Delagua', '1977-12-03', 'Male', 'United States', 'France', 'SF2094038', '2022-10-30', '2041-12-29');
insert into Passengers (passenger_id, first_name, last_name, date_of_birth, gender, country_of_citizenship, country_of_residence, passport_number, created_at, updated_at) values (88, 'Merry', 'Tabert', '1969-12-02', 'Female', 'Philippines', 'Indonesia', 'AQ9111594', '2023-07-27', '2042-09-25');
insert into Passengers (passenger_id, first_name, last_name, date_of_birth, gender, country_of_citizenship, country_of_residence, passport_number, created_at, updated_at) values (89, 'Lesley', 'Hewkin', '1990-04-02', 'Male', 'Indonesia', 'Poland', 'JW9958656', '2022-11-29', '2042-01-28');
insert into Passengers (passenger_id, first_name, last_name, date_of_birth, gender, country_of_citizenship, country_of_residence, passport_number, created_at, updated_at) values (90, 'Bernard', 'Heinlein', '2006-10-06', 'Male', 'Albania', 'Russia', 'QZ8390037', '2022-11-28', '2042-01-27');
insert into Passengers (passenger_id, first_name, last_name, date_of_birth, gender, country_of_citizenship, country_of_residence, passport_number, created_at, updated_at) values (91, 'Carmen', 'Colaco', '1976-06-20', 'Male', 'Bangladesh', 'Indonesia', 'JD6448885', '2023-11-10', '2043-01-09');
insert into Passengers (passenger_id, first_name, last_name, date_of_birth, gender, country_of_citizenship, country_of_residence, passport_number, created_at, updated_at) values (92, 'Waring', 'Danilishin', '2011-07-17', 'Male', 'Egypt', 'Portugal', 'JT8691350', '2023-02-15', '2042-04-16');
insert into Passengers (passenger_id, first_name, last_name, date_of_birth, gender, country_of_citizenship, country_of_residence, passport_number, created_at, updated_at) values (93, 'Stirling', 'Heninghem', '1964-01-09', 'Female', 'Chad', 'Croatia', 'ED5989482', '2023-01-05', '2042-03-06');
insert into Passengers (passenger_id, first_name, last_name, date_of_birth, gender, country_of_citizenship, country_of_residence, passport_number, created_at, updated_at) values (94, 'Hadrian', 'Stoakes', '1961-04-26', 'Female', 'Philippines', 'Russia', 'AA9948878', '2024-09-22', '2043-11-22');
insert into Passengers (passenger_id, first_name, last_name, date_of_birth, gender, country_of_citizenship, country_of_residence, passport_number, created_at, updated_at) values (95, 'Taddeusz', 'Morteo', '1984-05-09', 'Male', 'Canada', 'Solomon Islands', 'JG0991299', '2023-10-01', '2042-11-30');
insert into Passengers (passenger_id, first_name, last_name, date_of_birth, gender, country_of_citizenship, country_of_residence, passport_number, created_at, updated_at) values (96, 'Yanaton', 'Smorthit', '1965-07-23', 'Female', 'Indonesia', 'Brazil', 'YE2866061', '2023-01-15', '2042-03-16');
insert into Passengers (passenger_id, first_name, last_name, date_of_birth, gender, country_of_citizenship, country_of_residence, passport_number, created_at, updated_at) values (97, 'Meriel', 'Arons', '1978-09-12', 'Male', 'Cuba', 'Pakistan', 'CH0135807', '2024-01-30', '2043-03-31');
insert into Passengers (passenger_id, first_name, last_name, date_of_birth, gender, country_of_citizenship, country_of_residence, passport_number, created_at, updated_at) values (98, 'Jeane', 'Kleinberer', '1968-02-26', 'Male', 'Russia', 'China', 'UE9178681', '2023-04-22', '2042-06-21');
insert into Passengers (passenger_id, first_name, last_name, date_of_birth, gender, country_of_citizenship, country_of_residence, passport_number, created_at, updated_at) values (99, 'Vinson', 'Dawidsohn', '1980-03-01', 'Male', 'Poland', 'United States', 'WX7046494', '2023-04-05', '2042-06-04');
insert into Passengers (passenger_id, first_name, last_name, date_of_birth, gender, country_of_citizenship, country_of_residence, passport_number, created_at, updated_at) values (100, 'Janella', 'Hurler', '2007-08-12', 'Female', 'France', 'Indonesia', 'AB1270081', '2024-05-16', '2043-07-16');
insert into Passengers (passenger_id, first_name, last_name, date_of_birth, gender, country_of_citizenship, country_of_residence, passport_number, created_at, updated_at) values (101, 'Michelle', 'Freen', '1985-09-22', 'Male', 'Senegal', 'Philippines', 'UX9014840', '2023-12-06', '2043-02-04');
insert into Passengers (passenger_id, first_name, last_name, date_of_birth, gender, country_of_citizenship, country_of_residence, passport_number, created_at, updated_at) values (102, 'Carmelia', 'Frodsham', '1978-08-01', 'Female', 'China', 'Sweden', 'OJ5156237', '2024-07-13', '2043-09-12');
insert into Passengers (passenger_id, first_name, last_name, date_of_birth, gender, country_of_citizenship, country_of_residence, passport_number, created_at, updated_at) values (103, 'Cesar', 'Pessel', '2016-09-01', 'Male', 'China', 'Brazil', 'NO3863551', '2024-03-28', '2043-05-28');
insert into Passengers (passenger_id, first_name, last_name, date_of_birth, gender, country_of_citizenship, country_of_residence, passport_number, created_at, updated_at) values (104, 'Aubert', 'Lorincz', '1967-12-01', 'Male', 'Indonesia', 'Poland', 'GJ5965952', '2024-05-24', '2043-07-24');
insert into Passengers (passenger_id, first_name, last_name, date_of_birth, gender, country_of_citizenship, country_of_residence, passport_number, created_at, updated_at) values (105, 'Mal', 'Pilling', '1955-07-19', 'Male', 'Tajikistan', 'China', 'TW1695018', '2023-11-13', '2043-01-12');
insert into Passengers (passenger_id, first_name, last_name, date_of_birth, gender, country_of_citizenship, country_of_residence, passport_number, created_at, updated_at) values (106, 'Tybalt', 'Rhydderch', '1987-10-24', 'Female', 'China', 'Pakistan', 'XA5892777', '2023-05-23', '2042-07-22');
insert into Passengers (passenger_id, first_name, last_name, date_of_birth, gender, country_of_citizenship, country_of_residence, passport_number, created_at, updated_at) values (107, 'Kareem', 'Walcar', '1970-01-10', 'Male', 'Peru', 'Colombia', 'BQ3517981', '2023-02-21', '2042-04-22');
insert into Passengers (passenger_id, first_name, last_name, date_of_birth, gender, country_of_citizenship, country_of_residence, passport_number, created_at, updated_at) values (108, 'Hiram', 'Rudwell', '1988-12-12', 'Male', 'Portugal', 'Afghanistan', 'KZ2396301', '2022-10-14', '2041-12-13');
insert into Passengers (passenger_id, first_name, last_name, date_of_birth, gender, country_of_citizenship, country_of_residence, passport_number, created_at, updated_at) values (109, 'Jimmy', 'Haythorn', '1952-04-25', 'Male', 'Sweden', 'Sweden', 'HS2721169', '2024-08-26', '2043-10-26');
insert into Passengers (passenger_id, first_name, last_name, date_of_birth, gender, country_of_citizenship, country_of_residence, passport_number, created_at, updated_at) values (110, 'Sonia', 'Ditchfield', '1958-06-05', 'Male', 'Ukraine', 'Vietnam', 'BU9919297', '2023-01-25', '2042-03-26');
insert into Passengers (passenger_id, first_name, last_name, date_of_birth, gender, country_of_citizenship, country_of_residence, passport_number, created_at, updated_at) values (111, 'Torrance', 'Chazelas', '1966-04-13', 'Male', 'Portugal', 'Micronesia', 'GU7923663', '2022-10-18', '2041-12-17');
insert into Passengers (passenger_id, first_name, last_name, date_of_birth, gender, country_of_citizenship, country_of_residence, passport_number, created_at, updated_at) values (112, 'Aime', 'Raithmill', '1981-03-30', 'Male', 'South Africa', 'Nepal', 'QY9722806', '2023-12-22', '2043-02-20');
insert into Passengers (passenger_id, first_name, last_name, date_of_birth, gender, country_of_citizenship, country_of_residence, passport_number, created_at, updated_at) values (113, 'Piotr', 'Medgewick', '1977-10-27', 'Female', 'China', 'Syria', 'MA9198844', '2023-12-14', '2043-02-12');
insert into Passengers (passenger_id, first_name, last_name, date_of_birth, gender, country_of_citizenship, country_of_residence, passport_number, created_at, updated_at) values (114, 'Georgeta', 'Woolway', '1983-10-17', 'Female', 'China', 'Portugal', 'AE0822141', '2024-07-10', '2043-09-09');
insert into Passengers (passenger_id, first_name, last_name, date_of_birth, gender, country_of_citizenship, country_of_residence, passport_number, created_at, updated_at) values (115, 'Mateo', 'Janik', '1955-07-08', 'Male', 'Philippines', 'Portugal', 'IX5989707', '2024-04-22', '2043-06-22');
insert into Passengers (passenger_id, first_name, last_name, date_of_birth, gender, country_of_citizenship, country_of_residence, passport_number, created_at, updated_at) values (116, 'Charin', 'Brazenor', '1982-06-03', 'Female', 'China', 'Benin', 'YO3571435', '2023-03-27', '2042-05-26');
insert into Passengers (passenger_id, first_name, last_name, date_of_birth, gender, country_of_citizenship, country_of_residence, passport_number, created_at, updated_at) values (117, 'Sigvard', 'Torns', '1982-04-24', 'Female', 'Azerbaijan', 'Iran', 'HR2706372', '2024-04-15', '2043-06-15');
insert into Passengers (passenger_id, first_name, last_name, date_of_birth, gender, country_of_citizenship, country_of_residence, passport_number, created_at, updated_at) values (118, 'Francklyn', 'Wherton', '1979-06-21', 'Female', 'Russia', 'Japan', 'CX6906692', '2024-09-01', '2043-11-01');
insert into Passengers (passenger_id, first_name, last_name, date_of_birth, gender, country_of_citizenship, country_of_residence, passport_number, created_at, updated_at) values (119, 'Berry', 'Cody', '1990-10-07', 'Female', 'Portugal', 'Slovenia', 'CW5878469', '2023-04-09', '2042-06-08');
insert into Passengers (passenger_id, first_name, last_name, date_of_birth, gender, country_of_citizenship, country_of_residence, passport_number, created_at, updated_at) values (120, 'Mab', 'Rosita', '1951-06-11', 'Female', 'Indonesia', 'Ukraine', 'TR1010992', '2023-06-16', '2042-08-15');
insert into Passengers (passenger_id, first_name, last_name, date_of_birth, gender, country_of_citizenship, country_of_residence, passport_number, created_at, updated_at) values (121, 'Mayor', 'Fitzer', '1987-02-14', 'Male', 'Serbia', 'Brazil', 'XN6559192', '2024-02-13', '2043-04-14');
insert into Passengers (passenger_id, first_name, last_name, date_of_birth, gender, country_of_citizenship, country_of_residence, passport_number, created_at, updated_at) values (122, 'Clayborn', 'Merriday', '1983-05-07', 'Female', 'Libya', 'Uganda', 'OU5293610', '2023-08-15', '2042-10-14');
insert into Passengers (passenger_id, first_name, last_name, date_of_birth, gender, country_of_citizenship, country_of_residence, passport_number, created_at, updated_at) values (123, 'Sibylle', 'Culvey', '2013-09-08', 'Female', 'Russia', 'Nigeria', 'SI2257730', '2024-02-26', '2043-04-27');
insert into Passengers (passenger_id, first_name, last_name, date_of_birth, gender, country_of_citizenship, country_of_residence, passport_number, created_at, updated_at) values (124, 'Diann', 'Roswarne', '1968-06-09', 'Male', 'China', 'Lithuania', 'VU4284047', '2023-08-28', '2042-10-27');
insert into Passengers (passenger_id, first_name, last_name, date_of_birth, gender, country_of_citizenship, country_of_residence, passport_number, created_at, updated_at) values (125, 'Rebecca', 'Brecon', '1988-01-27', 'Male', 'Ivory Coast', 'China', 'TV4858380', '2023-01-22', '2042-03-23');
insert into Passengers (passenger_id, first_name, last_name, date_of_birth, gender, country_of_citizenship, country_of_residence, passport_number, created_at, updated_at) values (126, 'Norrie', 'De la Feld', '1997-12-05', 'Male', 'Canada', 'Afghanistan', 'KC4728142', '2022-09-23', '2041-11-22');
insert into Passengers (passenger_id, first_name, last_name, date_of_birth, gender, country_of_citizenship, country_of_residence, passport_number, created_at, updated_at) values (127, 'Kayne', 'Gradon', '2008-08-07', 'Female', 'Mexico', 'Portugal', 'RM7650196', '2023-01-20', '2042-03-21');
insert into Passengers (passenger_id, first_name, last_name, date_of_birth, gender, country_of_citizenship, country_of_residence, passport_number, created_at, updated_at) values (128, 'Allix', 'Padmore', '1964-01-03', 'Female', 'Latvia', 'Russia', 'MP1977912', '2024-03-23', '2043-05-23');
insert into Passengers (passenger_id, first_name, last_name, date_of_birth, gender, country_of_citizenship, country_of_residence, passport_number, created_at, updated_at) values (129, 'Dolly', 'Karolewski', '2008-02-10', 'Male', 'China', 'Indonesia', 'BM2495408', '2023-05-27', '2042-07-26');
insert into Passengers (passenger_id, first_name, last_name, date_of_birth, gender, country_of_citizenship, country_of_residence, passport_number, created_at, updated_at) values (130, 'Lesley', 'Codi', '2020-05-06', 'Male', 'Dominican Republic', 'Egypt', 'EX1607829', '2023-05-04', '2042-07-03');
insert into Passengers (passenger_id, first_name, last_name, date_of_birth, gender, country_of_citizenship, country_of_residence, passport_number, created_at, updated_at) values (131, 'Cristie', 'Vanlint', '1963-05-22', 'Female', 'Sweden', 'United States', 'GP8314026', '2023-01-07', '2042-03-08');
insert into Passengers (passenger_id, first_name, last_name, date_of_birth, gender, country_of_citizenship, country_of_residence, passport_number, created_at, updated_at) values (132, 'Theo', 'Rotherforth', '1983-02-23', 'Female', 'Bangladesh', 'Poland', 'WB9814771', '2022-10-06', '2041-12-05');
insert into Passengers (passenger_id, first_name, last_name, date_of_birth, gender, country_of_citizenship, country_of_residence, passport_number, created_at, updated_at) values (133, 'Issie', 'Spring', '2019-11-25', 'Male', 'Sweden', 'Montenegro', 'RE5192327', '2023-03-01', '2042-04-30');
insert into Passengers (passenger_id, first_name, last_name, date_of_birth, gender, country_of_citizenship, country_of_residence, passport_number, created_at, updated_at) values (134, 'Marianna', 'Napleton', '1961-06-03', 'Female', 'Indonesia', 'Philippines', 'OU6927403', '2024-04-24', '2043-06-24');
insert into Passengers (passenger_id, first_name, last_name, date_of_birth, gender, country_of_citizenship, country_of_residence, passport_number, created_at, updated_at) values (135, 'Micaela', 'MacNeilly', '1963-03-23', 'Female', 'Cyprus', 'China', 'RC6011111', '2022-12-29', '2042-02-27');
insert into Passengers (passenger_id, first_name, last_name, date_of_birth, gender, country_of_citizenship, country_of_residence, passport_number, created_at, updated_at) values (136, 'Linet', 'Koeppe', '1997-03-22', 'Male', 'Netherlands', 'China', 'RM2659951', '2024-03-22', '2043-05-22');
insert into Passengers (passenger_id, first_name, last_name, date_of_birth, gender, country_of_citizenship, country_of_residence, passport_number, created_at, updated_at) values (137, 'Alyce', 'Corness', '1985-06-24', 'Female', 'Russia', 'Indonesia', 'NX9624927', '2022-10-31', '2041-12-30');
insert into Passengers (passenger_id, first_name, last_name, date_of_birth, gender, country_of_citizenship, country_of_residence, passport_number, created_at, updated_at) values (138, 'Corette', 'Coppock.', '1974-10-16', 'Male', 'France', 'Bosnia and Herzegovina', 'ZZ2339766', '2023-09-08', '2042-11-07');
insert into Passengers (passenger_id, first_name, last_name, date_of_birth, gender, country_of_citizenship, country_of_residence, passport_number, created_at, updated_at) values (139, 'Jasmine', 'Boxall', '1989-02-21', 'Female', 'Russia', 'Turkmenistan', 'MR5286761', '2022-09-25', '2041-11-24');
insert into Passengers (passenger_id, first_name, last_name, date_of_birth, gender, country_of_citizenship, country_of_residence, passport_number, created_at, updated_at) values (140, 'Lisa', 'McGlaud', '1999-05-25', 'Female', 'China', 'Brazil', 'HS1221730', '2024-04-21', '2043-06-21');
insert into Passengers (passenger_id, first_name, last_name, date_of_birth, gender, country_of_citizenship, country_of_residence, passport_number, created_at, updated_at) values (141, 'Early', 'Lude', '1952-08-16', 'Female', 'United States', 'Indonesia', 'NB0549731', '2024-04-10', '2043-06-10');
insert into Passengers (passenger_id, first_name, last_name, date_of_birth, gender, country_of_citizenship, country_of_residence, passport_number, created_at, updated_at) values (142, 'Freddie', 'Quinnet', '1998-03-22', 'Male', 'China', 'Angola', 'DQ0459119', '2022-11-09', '2042-01-08');
insert into Passengers (passenger_id, first_name, last_name, date_of_birth, gender, country_of_citizenship, country_of_residence, passport_number, created_at, updated_at) values (143, 'Robenia', 'Becom', '1981-09-18', 'Male', 'Indonesia', 'Vietnam', 'DK9911110', '2022-11-18', '2042-01-17');
insert into Passengers (passenger_id, first_name, last_name, date_of_birth, gender, country_of_citizenship, country_of_residence, passport_number, created_at, updated_at) values (144, 'Netty', 'Willshaw', '2015-04-05', 'Male', 'Indonesia', 'Indonesia', 'HA0654174', '2024-06-29', '2043-08-29');
insert into Passengers (passenger_id, first_name, last_name, date_of_birth, gender, country_of_citizenship, country_of_residence, passport_number, created_at, updated_at) values (145, 'Bancroft', 'Mole', '2003-05-16', 'Female', 'Sierra Leone', 'Thailand', 'KX0398145', '2024-04-17', '2043-06-17');
insert into Passengers (passenger_id, first_name, last_name, date_of_birth, gender, country_of_citizenship, country_of_residence, passport_number, created_at, updated_at) values (146, 'Kelvin', 'Pannaman', '2004-04-25', 'Male', 'China', 'Vietnam', 'US6725315', '2022-10-03', '2041-12-02');
insert into Passengers (passenger_id, first_name, last_name, date_of_birth, gender, country_of_citizenship, country_of_residence, passport_number, created_at, updated_at) values (147, 'Adelle', 'Fraczek', '2005-12-30', 'Male', 'China', 'Ukraine', 'MR0787557', '2024-04-04', '2043-06-04');
insert into Passengers (passenger_id, first_name, last_name, date_of_birth, gender, country_of_citizenship, country_of_residence, passport_number, created_at, updated_at) values (148, 'Benedetto', 'Ranson', '1954-10-15', 'Female', 'Philippines', 'Sweden', 'TQ5892870', '2024-02-15', '2043-04-16');
insert into Passengers (passenger_id, first_name, last_name, date_of_birth, gender, country_of_citizenship, country_of_residence, passport_number, created_at, updated_at) values (149, 'Orelee', 'Feldstern', '2005-07-11', 'Male', 'China', 'Russia', 'WK5398126', '2022-12-30', '2042-02-28');
insert into Passengers (passenger_id, first_name, last_name, date_of_birth, gender, country_of_citizenship, country_of_residence, passport_number, created_at, updated_at) values (150, 'Cecilia', 'Dunlea', '1955-07-10', 'Female', 'Russia', 'Brazil', 'GE3931958', '2024-08-26', '2043-10-26');
insert into Passengers (passenger_id, first_name, last_name, date_of_birth, gender, country_of_citizenship, country_of_residence, passport_number, created_at, updated_at) values (151, 'June', 'Rodder', '2003-06-01', 'Female', 'Greece', 'Peru', 'AR7375864', '2022-09-30', '2041-11-29');
insert into Passengers (passenger_id, first_name, last_name, date_of_birth, gender, country_of_citizenship, country_of_residence, passport_number, created_at, updated_at) values (152, 'Danie', 'Capitano', '1990-05-05', 'Male', 'Brazil', 'Russia', 'HD5961715', '2023-04-02', '2042-06-01');
insert into Passengers (passenger_id, first_name, last_name, date_of_birth, gender, country_of_citizenship, country_of_residence, passport_number, created_at, updated_at) values (153, 'Letti', 'Fforde', '2007-10-09', 'Male', 'Honduras', 'China', 'FM9538529', '2024-08-04', '2043-10-04');
insert into Passengers (passenger_id, first_name, last_name, date_of_birth, gender, country_of_citizenship, country_of_residence, passport_number, created_at, updated_at) values (154, 'Orelie', 'Gulland', '2008-12-03', 'Female', 'Sweden', 'Portugal', 'RK2393322', '2023-07-19', '2042-09-17');
insert into Passengers (passenger_id, first_name, last_name, date_of_birth, gender, country_of_citizenship, country_of_residence, passport_number, created_at, updated_at) values (155, 'Edan', 'Duddle', '2016-11-21', 'Female', 'Sweden', 'China', 'IX8347252', '2024-04-15', '2043-06-15');
insert into Passengers (passenger_id, first_name, last_name, date_of_birth, gender, country_of_citizenship, country_of_residence, passport_number, created_at, updated_at) values (156, 'Tore', 'Toopin', '1975-11-23', 'Female', 'Netherlands', 'Israel', 'DL0715672', '2023-01-17', '2042-03-18');
insert into Passengers (passenger_id, first_name, last_name, date_of_birth, gender, country_of_citizenship, country_of_residence, passport_number, created_at, updated_at) values (157, 'Addy', 'Etty', '1977-11-17', 'Male', 'Russia', 'Russia', 'SO4705638', '2024-06-19', '2043-08-19');
insert into Passengers (passenger_id, first_name, last_name, date_of_birth, gender, country_of_citizenship, country_of_residence, passport_number, created_at, updated_at) values (158, 'Teodora', 'Demko', '1968-07-28', 'Female', 'Philippines', 'China', 'JE6564151', '2023-03-28', '2042-05-27');
insert into Passengers (passenger_id, first_name, last_name, date_of_birth, gender, country_of_citizenship, country_of_residence, passport_number, created_at, updated_at) values (159, 'Miranda', 'Dalgarno', '1985-03-22', 'Female', 'Argentina', 'Costa Rica', 'PL3623762', '2022-11-19', '2042-01-18');
insert into Passengers (passenger_id, first_name, last_name, date_of_birth, gender, country_of_citizenship, country_of_residence, passport_number, created_at, updated_at) values (160, 'Lucien', 'Sporgeon', '1955-10-10', 'Male', 'Ukraine', 'Japan', 'LS5089046', '2023-12-03', '2043-02-01');
insert into Passengers (passenger_id, first_name, last_name, date_of_birth, gender, country_of_citizenship, country_of_residence, passport_number, created_at, updated_at) values (161, 'Loralyn', 'Trobridge', '1977-12-18', 'Female', 'Japan', 'Haiti', 'TD3148485', '2022-10-24', '2041-12-23');
insert into Passengers (passenger_id, first_name, last_name, date_of_birth, gender, country_of_citizenship, country_of_residence, passport_number, created_at, updated_at) values (162, 'Neddy', 'Gemlbett', '1995-10-27', 'Female', 'Czech Republic', 'Czech Republic', 'YT6289786', '2022-11-20', '2042-01-19');
insert into Passengers (passenger_id, first_name, last_name, date_of_birth, gender, country_of_citizenship, country_of_residence, passport_number, created_at, updated_at) values (163, 'Pedro', 'Faich', '1984-04-30', 'Female', 'Portugal', 'China', 'OB6636954', '2023-11-27', '2043-01-26');
insert into Passengers (passenger_id, first_name, last_name, date_of_birth, gender, country_of_citizenship, country_of_residence, passport_number, created_at, updated_at) values (164, 'Ashly', 'Glew', '1958-01-28', 'Female', 'Russia', 'China', 'FJ5667990', '2023-03-31', '2042-05-30');
insert into Passengers (passenger_id, first_name, last_name, date_of_birth, gender, country_of_citizenship, country_of_residence, passport_number, created_at, updated_at) values (165, 'Ashlan', 'Nicol', '2019-04-16', 'Female', 'Nigeria', 'China', 'XY8043261', '2023-02-08', '2042-04-09');
insert into Passengers (passenger_id, first_name, last_name, date_of_birth, gender, country_of_citizenship, country_of_residence, passport_number, created_at, updated_at) values (166, 'Noam', 'Haucke', '1957-08-23', 'Male', 'China', 'Japan', 'BK8983477', '2022-12-12', '2042-02-10');
insert into Passengers (passenger_id, first_name, last_name, date_of_birth, gender, country_of_citizenship, country_of_residence, passport_number, created_at, updated_at) values (167, 'Dina', 'Longmuir', '1954-10-26', 'Female', 'Lesotho', 'Vietnam', 'YQ1551796', '2023-10-24', '2042-12-23');
insert into Passengers (passenger_id, first_name, last_name, date_of_birth, gender, country_of_citizenship, country_of_residence, passport_number, created_at, updated_at) values (168, 'Lincoln', 'Oade', '2011-10-02', 'Male', 'Dominican Republic', 'China', 'HT6239835', '2022-10-17', '2041-12-16');
insert into Passengers (passenger_id, first_name, last_name, date_of_birth, gender, country_of_citizenship, country_of_residence, passport_number, created_at, updated_at) values (169, 'Amabelle', 'Fibbens', '1965-11-18', 'Male', 'Philippines', 'Serbia', 'YG4923305', '2023-10-30', '2042-12-29');
insert into Passengers (passenger_id, first_name, last_name, date_of_birth, gender, country_of_citizenship, country_of_residence, passport_number, created_at, updated_at) values (170, 'Blaire', 'Kasper', '2015-06-27', 'Male', 'Indonesia', 'China', 'TB4358851', '2024-05-12', '2043-07-12');
insert into Passengers (passenger_id, first_name, last_name, date_of_birth, gender, country_of_citizenship, country_of_residence, passport_number, created_at, updated_at) values (171, 'Susanetta', 'Ecles', '2004-01-16', 'Female', 'China', 'Russia', 'UB1767981', '2024-01-12', '2043-03-13');
insert into Passengers (passenger_id, first_name, last_name, date_of_birth, gender, country_of_citizenship, country_of_residence, passport_number, created_at, updated_at) values (172, 'Colline', 'Tyre', '1959-06-27', 'Female', 'Peru', 'China', 'KC0133753', '2024-04-04', '2043-06-04');
insert into Passengers (passenger_id, first_name, last_name, date_of_birth, gender, country_of_citizenship, country_of_residence, passport_number, created_at, updated_at) values (173, 'Brion', 'Lovstrom', '1975-07-23', 'Female', 'Netherlands', 'China', 'FT8017368', '2024-07-04', '2043-09-03');
insert into Passengers (passenger_id, first_name, last_name, date_of_birth, gender, country_of_citizenship, country_of_residence, passport_number, created_at, updated_at) values (174, 'Griffie', 'Ingledew', '2016-03-18', 'Male', 'Rwanda', 'China', 'HU7929298', '2022-12-12', '2042-02-10');
insert into Passengers (passenger_id, first_name, last_name, date_of_birth, gender, country_of_citizenship, country_of_residence, passport_number, created_at, updated_at) values (175, 'Loralyn', 'Towl', '1960-07-06', 'Female', 'Vietnam', 'Yemen', 'JL6036214', '2023-07-19', '2042-09-17');
insert into Passengers (passenger_id, first_name, last_name, date_of_birth, gender, country_of_citizenship, country_of_residence, passport_number, created_at, updated_at) values (176, 'Hale', 'Trunby', '1969-09-29', 'Male', 'United States', 'Serbia', 'WI6176221', '2023-11-25', '2043-01-24');
insert into Passengers (passenger_id, first_name, last_name, date_of_birth, gender, country_of_citizenship, country_of_residence, passport_number, created_at, updated_at) values (177, 'Lynnea', 'Kuhnel', '1989-03-04', 'Male', 'Senegal', 'Ukraine', 'FK3230660', '2023-04-03', '2042-06-02');
insert into Passengers (passenger_id, first_name, last_name, date_of_birth, gender, country_of_citizenship, country_of_residence, passport_number, created_at, updated_at) values (178, 'Amalita', 'Froom', '1973-08-01', 'Male', 'Mongolia', 'Benin', 'KY3577861', '2023-11-06', '2043-01-05');
insert into Passengers (passenger_id, first_name, last_name, date_of_birth, gender, country_of_citizenship, country_of_residence, passport_number, created_at, updated_at) values (179, 'Pearle', 'Taynton', '1974-03-04', 'Male', 'Russia', 'Italy', 'AY6683943', '2024-03-28', '2043-05-28');
insert into Passengers (passenger_id, first_name, last_name, date_of_birth, gender, country_of_citizenship, country_of_residence, passport_number, created_at, updated_at) values (180, 'Nessy', 'Weinberg', '2010-08-28', 'Male', 'Indonesia', 'Brazil', 'QW1996527', '2023-07-25', '2042-09-23');
insert into Passengers (passenger_id, first_name, last_name, date_of_birth, gender, country_of_citizenship, country_of_residence, passport_number, created_at, updated_at) values (181, 'Jermain', 'Ferreras', '1966-04-30', 'Male', 'Morocco', 'Canada', 'CA2472278', '2023-08-10', '2042-10-09');
insert into Passengers (passenger_id, first_name, last_name, date_of_birth, gender, country_of_citizenship, country_of_residence, passport_number, created_at, updated_at) values (182, 'Allison', 'Smallman', '1991-07-09', 'Male', 'Brazil', 'Ukraine', 'TQ5591549', '2022-12-13', '2042-02-11');
insert into Passengers (passenger_id, first_name, last_name, date_of_birth, gender, country_of_citizenship, country_of_residence, passport_number, created_at, updated_at) values (183, 'Jocelyn', 'Everwin', '1965-03-13', 'Female', 'Canada', 'Spain', 'QF7016389', '2023-07-24', '2042-09-22');
insert into Passengers (passenger_id, first_name, last_name, date_of_birth, gender, country_of_citizenship, country_of_residence, passport_number, created_at, updated_at) values (184, 'Jamal', 'Prettyman', '2008-07-24', 'Male', 'Benin', 'Moldova', 'FP2865410', '2024-02-01', '2043-04-02');
insert into Passengers (passenger_id, first_name, last_name, date_of_birth, gender, country_of_citizenship, country_of_residence, passport_number, created_at, updated_at) values (185, 'Sherlocke', 'Ilson', '1958-12-02', 'Female', 'Russia', 'Indonesia', 'HU8539884', '2024-05-21', '2043-07-21');
insert into Passengers (passenger_id, first_name, last_name, date_of_birth, gender, country_of_citizenship, country_of_residence, passport_number, created_at, updated_at) values (186, 'Nobie', 'Minors', '1966-08-01', 'Female', 'Vietnam', 'Morocco', 'WG6026708', '2023-08-23', '2042-10-22');
insert into Passengers (passenger_id, first_name, last_name, date_of_birth, gender, country_of_citizenship, country_of_residence, passport_number, created_at, updated_at) values (187, 'Tanitansy', 'Newham', '2006-07-28', 'Male', 'Indonesia', 'Philippines', 'XA7045354', '2024-06-12', '2043-08-12');
insert into Passengers (passenger_id, first_name, last_name, date_of_birth, gender, country_of_citizenship, country_of_residence, passport_number, created_at, updated_at) values (188, 'Maris', 'Shelper', '1961-12-15', 'Male', 'Haiti', 'China', 'LY0336894', '2024-01-08', '2043-03-09');
insert into Passengers (passenger_id, first_name, last_name, date_of_birth, gender, country_of_citizenship, country_of_residence, passport_number, created_at, updated_at) values (189, 'Valenka', 'Yeardley', '1963-08-20', 'Female', 'Swaziland', 'Saint Pierre and Miquelon', 'JF6232016', '2024-03-05', '2043-05-05');
insert into Passengers (passenger_id, first_name, last_name, date_of_birth, gender, country_of_citizenship, country_of_residence, passport_number, created_at, updated_at) values (190, 'Amelina', 'Haggar', '2009-12-22', 'Female', 'Peru', 'Argentina', 'EK6973000', '2023-06-03', '2042-08-02');
insert into Passengers (passenger_id, first_name, last_name, date_of_birth, gender, country_of_citizenship, country_of_residence, passport_number, created_at, updated_at) values (191, 'Terri', 'Antonov', '1966-10-20', 'Male', 'Ivory Coast', 'Indonesia', 'ND6363154', '2022-12-25', '2042-02-23');
insert into Passengers (passenger_id, first_name, last_name, date_of_birth, gender, country_of_citizenship, country_of_residence, passport_number, created_at, updated_at) values (192, 'Thor', 'Ranaghan', '1960-07-04', 'Female', 'South Africa', 'Russia', 'TU7983415', '2023-02-16', '2042-04-17');
insert into Passengers (passenger_id, first_name, last_name, date_of_birth, gender, country_of_citizenship, country_of_residence, passport_number, created_at, updated_at) values (193, 'Pier', 'Vedyaev', '2006-01-24', 'Male', 'United States', 'Malawi', 'XF6102974', '2024-08-12', '2043-10-12');
insert into Passengers (passenger_id, first_name, last_name, date_of_birth, gender, country_of_citizenship, country_of_residence, passport_number, created_at, updated_at) values (194, 'Christi', 'Banner', '1983-01-25', 'Male', 'Brazil', 'Mauritius', 'AJ3142086', '2023-06-29', '2042-08-28');
insert into Passengers (passenger_id, first_name, last_name, date_of_birth, gender, country_of_citizenship, country_of_residence, passport_number, created_at, updated_at) values (195, 'Christye', 'Lake', '1990-11-18', 'Female', 'Indonesia', 'United States', 'WS2626607', '2024-05-09', '2043-07-09');
insert into Passengers (passenger_id, first_name, last_name, date_of_birth, gender, country_of_citizenship, country_of_residence, passport_number, created_at, updated_at) values (196, 'Zachariah', 'Mayling', '2010-05-29', 'Female', 'Brazil', 'Zimbabwe', 'OB7660993', '2023-04-01', '2042-05-31');
insert into Passengers (passenger_id, first_name, last_name, date_of_birth, gender, country_of_citizenship, country_of_residence, passport_number, created_at, updated_at) values (197, 'Tommie', 'Sinnocke', '1961-09-22', 'Male', 'Colombia', 'Mauritania', 'UN2341169', '2023-06-21', '2042-08-20');
insert into Passengers (passenger_id, first_name, last_name, date_of_birth, gender, country_of_citizenship, country_of_residence, passport_number, created_at, updated_at) values (198, 'Chico', 'Pottinger', '2010-08-02', 'Female', 'Brazil', 'Sudan', 'XO6829798', '2023-04-01', '2042-05-31');
insert into Passengers (passenger_id, first_name, last_name, date_of_birth, gender, country_of_citizenship, country_of_residence, passport_number, created_at, updated_at) values (199, 'Leslie', 'Lupton', '1990-12-13', 'Male', 'Greece', 'Canada', 'NI3731797', '2023-07-18', '2042-09-16');
insert into Passengers (passenger_id, first_name, last_name, date_of_birth, gender, country_of_citizenship, country_of_residence, passport_number, created_at, updated_at) values (200, 'Melodie', 'Tebbutt', '2018-04-18', 'Male', 'China', 'Russia', 'LF2974497', '2024-01-30', '2043-03-31');

insert into Booking (booking_id, flight_id, passenger_id, booking_platform, created_at, updated_at, status, ticket_price) values (1, 180, 175, 'Airport Desk', '2024-06-17', '2032-09-03', 'Checked-in', 16049);
insert into Booking (booking_id, flight_id, passenger_id, booking_platform, created_at, updated_at, status, ticket_price) values (2, 142, 31, 'Travel Agency', '2023-08-05', '2031-10-22', 'Pending', 44434);
insert into Booking (booking_id, flight_id, passenger_id, booking_platform, created_at, updated_at, status, ticket_price) values (3, 67, 153, 'Mobile App', '2023-05-05', '2031-07-22', 'Pending', 40187);
insert into Booking (booking_id, flight_id, passenger_id, booking_platform, created_at, updated_at, status, ticket_price) values (4, 59, 25, 'Mobile App', '2024-05-21', '2032-08-07', 'Pending', 12877);
insert into Booking (booking_id, flight_id, passenger_id, booking_platform, created_at, updated_at, status, ticket_price) values (5, 181, 65, 'Travel Agency', '2024-08-16', '2032-11-02', 'Confirmed', 12538);
insert into Booking (booking_id, flight_id, passenger_id, booking_platform, created_at, updated_at, status, ticket_price) values (6, 125, 74, 'Travel Agency', '2023-11-04', '2032-01-21', 'Pending', 30057);
insert into Booking (booking_id, flight_id, passenger_id, booking_platform, created_at, updated_at, status, ticket_price) values (7, 44, 104, 'Airport Desk', '2023-07-30', '2031-10-16', 'Confirmed', 23848);
insert into Booking (booking_id, flight_id, passenger_id, booking_platform, created_at, updated_at, status, ticket_price) values (8, 200, 76, 'Mobile App', '2024-06-04', '2032-08-21', 'Confirmed', 30617);
insert into Booking (booking_id, flight_id, passenger_id, booking_platform, created_at, updated_at, status, ticket_price) values (9, 20, 189, 'Website', '2023-01-01', '2031-03-20', 'Checked-in', 48612);
insert into Booking (booking_id, flight_id, passenger_id, booking_platform, created_at, updated_at, status, ticket_price) values (10, 84, 158, 'Travel Agency', '2023-08-11', '2031-10-28', 'Confirmed', 23487);
insert into Booking (booking_id, flight_id, passenger_id, booking_platform, created_at, updated_at, status, ticket_price) values (11, 153, 86, 'Website', '2024-08-07', '2032-10-24', 'Cancelled', 12189);
insert into Booking (booking_id, flight_id, passenger_id, booking_platform, created_at, updated_at, status, ticket_price) values (12, 136, 76, 'Mobile App', '2023-12-09', '2032-02-25', 'Pending', 38367);
insert into Booking (booking_id, flight_id, passenger_id, booking_platform, created_at, updated_at, status, ticket_price) values (13, 7, 48, 'Airport Desk', '2023-03-06', '2031-05-23', 'Pending', 14959);
insert into Booking (booking_id, flight_id, passenger_id, booking_platform, created_at, updated_at, status, ticket_price) values (14, 77, 126, 'Website', '2024-05-23', '2032-08-09', 'Confirmed', 33278);
insert into Booking (booking_id, flight_id, passenger_id, booking_platform, created_at, updated_at, status, ticket_price) values (15, 168, 146, 'Travel Agency', '2024-04-13', '2032-06-30', 'Checked-in', 49597);
insert into Booking (booking_id, flight_id, passenger_id, booking_platform, created_at, updated_at, status, ticket_price) values (16, 137, 109, 'Mobile App', '2022-11-09', '2031-01-26', 'Confirmed', 49873);
insert into Booking (booking_id, flight_id, passenger_id, booking_platform, created_at, updated_at, status, ticket_price) values (17, 157, 138, 'Website', '2024-03-03', '2032-05-20', 'Pending', 31217);
insert into Booking (booking_id, flight_id, passenger_id, booking_platform, created_at, updated_at, status, ticket_price) values (18, 166, 132, 'Website', '2023-03-09', '2031-05-26', 'Checked-in', 37621);
insert into Booking (booking_id, flight_id, passenger_id, booking_platform, created_at, updated_at, status, ticket_price) values (19, 140, 143, 'Travel Agency', '2023-07-23', '2031-10-09', 'Checked-in', 27719);
insert into Booking (booking_id, flight_id, passenger_id, booking_platform, created_at, updated_at, status, ticket_price) values (20, 72, 97, 'Travel Agency', '2023-03-20', '2031-06-06', 'Cancelled', 37368);
insert into Booking (booking_id, flight_id, passenger_id, booking_platform, created_at, updated_at, status, ticket_price) values (21, 150, 179, 'Travel Agency', '2023-08-08', '2031-10-25', 'Cancelled', 18738);
insert into Booking (booking_id, flight_id, passenger_id, booking_platform, created_at, updated_at, status, ticket_price) values (22, 3, 22, 'Travel Agency', '2022-10-22', '2031-01-08', 'Confirmed', 15129);
insert into Booking (booking_id, flight_id, passenger_id, booking_platform, created_at, updated_at, status, ticket_price) values (23, 65, 98, 'Mobile App', '2024-01-04', '2032-03-22', 'Confirmed', 38025);
insert into Booking (booking_id, flight_id, passenger_id, booking_platform, created_at, updated_at, status, ticket_price) values (24, 98, 112, 'Mobile App', '2023-10-16', '2032-01-02', 'Checked-in', 35515);
insert into Booking (booking_id, flight_id, passenger_id, booking_platform, created_at, updated_at, status, ticket_price) values (25, 59, 57, 'Mobile App', '2023-07-26', '2031-10-12', 'Pending', 22074);
insert into Booking (booking_id, flight_id, passenger_id, booking_platform, created_at, updated_at, status, ticket_price) values (26, 125, 45, 'Travel Agency', '2023-06-28', '2031-09-14', 'Confirmed', 15484);
insert into Booking (booking_id, flight_id, passenger_id, booking_platform, created_at, updated_at, status, ticket_price) values (27, 89, 162, 'Travel Agency', '2022-10-23', '2031-01-09', 'Checked-in', 23376);
insert into Booking (booking_id, flight_id, passenger_id, booking_platform, created_at, updated_at, status, ticket_price) values (28, 101, 135, 'Airport Desk', '2023-05-30', '2031-08-16', 'Pending', 23191);
insert into Booking (booking_id, flight_id, passenger_id, booking_platform, created_at, updated_at, status, ticket_price) values (29, 187, 23, 'Website', '2024-03-23', '2032-06-09', 'Cancelled', 43088);
insert into Booking (booking_id, flight_id, passenger_id, booking_platform, created_at, updated_at, status, ticket_price) values (30, 141, 19, 'Airport Desk', '2022-12-30', '2031-03-18', 'Pending', 30288);
insert into Booking (booking_id, flight_id, passenger_id, booking_platform, created_at, updated_at, status, ticket_price) values (31, 186, 86, 'Website', '2024-04-01', '2032-06-18', 'Confirmed', 39007);
insert into Booking (booking_id, flight_id, passenger_id, booking_platform, created_at, updated_at, status, ticket_price) values (32, 2, 94, 'Travel Agency', '2023-07-01', '2031-09-17', 'Confirmed', 12041);
insert into Booking (booking_id, flight_id, passenger_id, booking_platform, created_at, updated_at, status, ticket_price) values (33, 82, 150, 'Travel Agency', '2023-09-13', '2031-11-30', 'Pending', 15588);
insert into Booking (booking_id, flight_id, passenger_id, booking_platform, created_at, updated_at, status, ticket_price) values (34, 96, 73, 'Website', '2023-08-30', '2031-11-16', 'Checked-in', 26454);
insert into Booking (booking_id, flight_id, passenger_id, booking_platform, created_at, updated_at, status, ticket_price) values (35, 32, 174, 'Website', '2023-11-14', '2032-01-31', 'Pending', 34003);
insert into Booking (booking_id, flight_id, passenger_id, booking_platform, created_at, updated_at, status, ticket_price) values (36, 28, 171, 'Travel Agency', '2023-11-09', '2032-01-26', 'Checked-in', 40005);
insert into Booking (booking_id, flight_id, passenger_id, booking_platform, created_at, updated_at, status, ticket_price) values (37, 81, 9, 'Mobile App', '2024-04-27', '2032-07-14', 'Cancelled', 47568);
insert into Booking (booking_id, flight_id, passenger_id, booking_platform, created_at, updated_at, status, ticket_price) values (38, 31, 49, 'Mobile App', '2023-09-15', '2031-12-02', 'Checked-in', 12406);
insert into Booking (booking_id, flight_id, passenger_id, booking_platform, created_at, updated_at, status, ticket_price) values (39, 185, 86, 'Mobile App', '2022-10-28', '2031-01-14', 'Cancelled', 31781);
insert into Booking (booking_id, flight_id, passenger_id, booking_platform, created_at, updated_at, status, ticket_price) values (40, 23, 157, 'Mobile App', '2022-11-02', '2031-01-19', 'Confirmed', 46187);
insert into Booking (booking_id, flight_id, passenger_id, booking_platform, created_at, updated_at, status, ticket_price) values (41, 26, 30, 'Airport Desk', '2022-12-08', '2031-02-24', 'Confirmed', 42759);
insert into Booking (booking_id, flight_id, passenger_id, booking_platform, created_at, updated_at, status, ticket_price) values (42, 129, 171, 'Mobile App', '2024-08-21', '2032-11-07', 'Confirmed', 42855);
insert into Booking (booking_id, flight_id, passenger_id, booking_platform, created_at, updated_at, status, ticket_price) values (43, 24, 129, 'Mobile App', '2024-03-29', '2032-06-15', 'Checked-in', 25826);
insert into Booking (booking_id, flight_id, passenger_id, booking_platform, created_at, updated_at, status, ticket_price) values (44, 147, 114, 'Website', '2024-01-27', '2032-04-14', 'Checked-in', 47756);
insert into Booking (booking_id, flight_id, passenger_id, booking_platform, created_at, updated_at, status, ticket_price) values (45, 75, 92, 'Website', '2024-01-13', '2032-03-31', 'Confirmed', 12154);
insert into Booking (booking_id, flight_id, passenger_id, booking_platform, created_at, updated_at, status, ticket_price) values (46, 3, 161, 'Travel Agency', '2023-04-02', '2031-06-19', 'Pending', 47713);
insert into Booking (booking_id, flight_id, passenger_id, booking_platform, created_at, updated_at, status, ticket_price) values (47, 177, 25, 'Airport Desk', '2023-06-22', '2031-09-08', 'Pending', 21686);
insert into Booking (booking_id, flight_id, passenger_id, booking_platform, created_at, updated_at, status, ticket_price) values (48, 182, 191, 'Website', '2023-11-15', '2032-02-01', 'Confirmed', 39294);
insert into Booking (booking_id, flight_id, passenger_id, booking_platform, created_at, updated_at, status, ticket_price) values (49, 8, 175, 'Travel Agency', '2024-04-18', '2032-07-05', 'Pending', 17095);
insert into Booking (booking_id, flight_id, passenger_id, booking_platform, created_at, updated_at, status, ticket_price) values (50, 86, 157, 'Airport Desk', '2024-07-02', '2032-09-18', 'Confirmed', 27424);
insert into Booking (booking_id, flight_id, passenger_id, booking_platform, created_at, updated_at, status, ticket_price) values (51, 188, 174, 'Mobile App', '2024-06-28', '2032-09-14', 'Checked-in', 48671);
insert into Booking (booking_id, flight_id, passenger_id, booking_platform, created_at, updated_at, status, ticket_price) values (52, 57, 14, 'Website', '2023-12-03', '2032-02-19', 'Cancelled', 41977);
insert into Booking (booking_id, flight_id, passenger_id, booking_platform, created_at, updated_at, status, ticket_price) values (53, 112, 151, 'Mobile App', '2023-02-09', '2031-04-28', 'Pending', 46084);
insert into Booking (booking_id, flight_id, passenger_id, booking_platform, created_at, updated_at, status, ticket_price) values (54, 29, 167, 'Airport Desk', '2024-04-11', '2032-06-28', 'Pending', 38135);
insert into Booking (booking_id, flight_id, passenger_id, booking_platform, created_at, updated_at, status, ticket_price) values (55, 95, 103, 'Airport Desk', '2023-05-31', '2031-08-17', 'Checked-in', 34087);
insert into Booking (booking_id, flight_id, passenger_id, booking_platform, created_at, updated_at, status, ticket_price) values (56, 50, 124, 'Airport Desk', '2022-12-06', '2031-02-22', 'Pending', 38344);
insert into Booking (booking_id, flight_id, passenger_id, booking_platform, created_at, updated_at, status, ticket_price) values (57, 78, 188, 'Airport Desk', '2023-03-19', '2031-06-05', 'Pending', 23496);
insert into Booking (booking_id, flight_id, passenger_id, booking_platform, created_at, updated_at, status, ticket_price) values (58, 176, 40, 'Mobile App', '2023-09-01', '2031-11-18', 'Checked-in', 44032);
insert into Booking (booking_id, flight_id, passenger_id, booking_platform, created_at, updated_at, status, ticket_price) values (59, 5, 92, 'Mobile App', '2023-12-20', '2032-03-07', 'Checked-in', 14163);
insert into Booking (booking_id, flight_id, passenger_id, booking_platform, created_at, updated_at, status, ticket_price) values (60, 47, 45, 'Airport Desk', '2022-11-06', '2031-01-23', 'Checked-in', 39866);
insert into Booking (booking_id, flight_id, passenger_id, booking_platform, created_at, updated_at, status, ticket_price) values (61, 168, 95, 'Website', '2024-03-28', '2032-06-14', 'Pending', 29431);
insert into Booking (booking_id, flight_id, passenger_id, booking_platform, created_at, updated_at, status, ticket_price) values (62, 97, 7, 'Travel Agency', '2023-07-07', '2031-09-23', 'Pending', 46512);
insert into Booking (booking_id, flight_id, passenger_id, booking_platform, created_at, updated_at, status, ticket_price) values (63, 46, 45, 'Travel Agency', '2024-05-26', '2032-08-12', 'Confirmed', 48849);
insert into Booking (booking_id, flight_id, passenger_id, booking_platform, created_at, updated_at, status, ticket_price) values (64, 7, 54, 'Travel Agency', '2022-11-23', '2031-02-09', 'Checked-in', 21777);
insert into Booking (booking_id, flight_id, passenger_id, booking_platform, created_at, updated_at, status, ticket_price) values (65, 52, 133, 'Airport Desk', '2023-12-28', '2032-03-15', 'Cancelled', 24930);
insert into Booking (booking_id, flight_id, passenger_id, booking_platform, created_at, updated_at, status, ticket_price) values (66, 193, 83, 'Travel Agency', '2024-08-22', '2032-11-08', 'Cancelled', 36988);
insert into Booking (booking_id, flight_id, passenger_id, booking_platform, created_at, updated_at, status, ticket_price) values (67, 30, 140, 'Airport Desk', '2024-02-21', '2032-05-09', 'Checked-in', 19398);
insert into Booking (booking_id, flight_id, passenger_id, booking_platform, created_at, updated_at, status, ticket_price) values (68, 87, 132, 'Website', '2024-01-19', '2032-04-06', 'Cancelled', 41737);
insert into Booking (booking_id, flight_id, passenger_id, booking_platform, created_at, updated_at, status, ticket_price) values (69, 33, 111, 'Mobile App', '2024-06-06', '2032-08-23', 'Confirmed', 28613);
insert into Booking (booking_id, flight_id, passenger_id, booking_platform, created_at, updated_at, status, ticket_price) values (70, 196, 80, 'Airport Desk', '2023-01-16', '2031-04-04', 'Checked-in', 48075);
insert into Booking (booking_id, flight_id, passenger_id, booking_platform, created_at, updated_at, status, ticket_price) values (71, 174, 87, 'Travel Agency', '2023-06-21', '2031-09-07', 'Confirmed', 25393);
insert into Booking (booking_id, flight_id, passenger_id, booking_platform, created_at, updated_at, status, ticket_price) values (72, 37, 118, 'Travel Agency', '2022-11-19', '2031-02-05', 'Checked-in', 39081);
insert into Booking (booking_id, flight_id, passenger_id, booking_platform, created_at, updated_at, status, ticket_price) values (73, 102, 63, 'Travel Agency', '2023-08-23', '2031-11-09', 'Cancelled', 32581);
insert into Booking (booking_id, flight_id, passenger_id, booking_platform, created_at, updated_at, status, ticket_price) values (74, 186, 18, 'Mobile App', '2024-06-05', '2032-08-22', 'Cancelled', 15959);
insert into Booking (booking_id, flight_id, passenger_id, booking_platform, created_at, updated_at, status, ticket_price) values (75, 119, 85, 'Mobile App', '2024-01-07', '2032-03-25', 'Pending', 10934);
insert into Booking (booking_id, flight_id, passenger_id, booking_platform, created_at, updated_at, status, ticket_price) values (76, 167, 129, 'Travel Agency', '2023-07-31', '2031-10-17', 'Checked-in', 19337);
insert into Booking (booking_id, flight_id, passenger_id, booking_platform, created_at, updated_at, status, ticket_price) values (77, 93, 85, 'Mobile App', '2023-01-01', '2031-03-20', 'Checked-in', 37875);
insert into Booking (booking_id, flight_id, passenger_id, booking_platform, created_at, updated_at, status, ticket_price) values (78, 125, 101, 'Airport Desk', '2023-10-06', '2031-12-23', 'Checked-in', 39574);
insert into Booking (booking_id, flight_id, passenger_id, booking_platform, created_at, updated_at, status, ticket_price) values (79, 195, 192, 'Website', '2024-07-24', '2032-10-10', 'Pending', 27750);
insert into Booking (booking_id, flight_id, passenger_id, booking_platform, created_at, updated_at, status, ticket_price) values (80, 63, 108, 'Mobile App', '2023-08-08', '2031-10-25', 'Pending', 39125);
insert into Booking (booking_id, flight_id, passenger_id, booking_platform, created_at, updated_at, status, ticket_price) values (81, 22, 175, 'Airport Desk', '2022-12-19', '2031-03-07', 'Confirmed', 14672);
insert into Booking (booking_id, flight_id, passenger_id, booking_platform, created_at, updated_at, status, ticket_price) values (82, 92, 163, 'Airport Desk', '2024-06-03', '2032-08-20', 'Confirmed', 30640);
insert into Booking (booking_id, flight_id, passenger_id, booking_platform, created_at, updated_at, status, ticket_price) values (83, 17, 53, 'Mobile App', '2024-06-14', '2032-08-31', 'Pending', 40362);
insert into Booking (booking_id, flight_id, passenger_id, booking_platform, created_at, updated_at, status, ticket_price) values (84, 156, 143, 'Airport Desk', '2024-08-17', '2032-11-03', 'Pending', 28164);
insert into Booking (booking_id, flight_id, passenger_id, booking_platform, created_at, updated_at, status, ticket_price) values (85, 165, 92, 'Travel Agency', '2023-03-24', '2031-06-10', 'Checked-in', 49776);
insert into Booking (booking_id, flight_id, passenger_id, booking_platform, created_at, updated_at, status, ticket_price) values (86, 173, 195, 'Airport Desk', '2023-03-26', '2031-06-12', 'Pending', 42284);
insert into Booking (booking_id, flight_id, passenger_id, booking_platform, created_at, updated_at, status, ticket_price) values (87, 143, 127, 'Mobile App', '2024-08-23', '2032-11-09', 'Confirmed', 27656);
insert into Booking (booking_id, flight_id, passenger_id, booking_platform, created_at, updated_at, status, ticket_price) values (88, 55, 114, 'Travel Agency', '2024-04-15', '2032-07-02', 'Pending', 23419);
insert into Booking (booking_id, flight_id, passenger_id, booking_platform, created_at, updated_at, status, ticket_price) values (89, 122, 49, 'Travel Agency', '2024-06-09', '2032-08-26', 'Cancelled', 24107);
insert into Booking (booking_id, flight_id, passenger_id, booking_platform, created_at, updated_at, status, ticket_price) values (90, 175, 177, 'Airport Desk', '2022-09-29', '2030-12-16', 'Confirmed', 46328);
insert into Booking (booking_id, flight_id, passenger_id, booking_platform, created_at, updated_at, status, ticket_price) values (91, 116, 140, 'Travel Agency', '2024-01-31', '2032-04-18', 'Pending', 30740);
insert into Booking (booking_id, flight_id, passenger_id, booking_platform, created_at, updated_at, status, ticket_price) values (92, 132, 15, 'Travel Agency', '2024-05-26', '2032-08-12', 'Cancelled', 16315);
insert into Booking (booking_id, flight_id, passenger_id, booking_platform, created_at, updated_at, status, ticket_price) values (93, 173, 51, 'Travel Agency', '2023-10-18', '2032-01-04', 'Cancelled', 43107);
insert into Booking (booking_id, flight_id, passenger_id, booking_platform, created_at, updated_at, status, ticket_price) values (94, 181, 33, 'Travel Agency', '2024-01-12', '2032-03-30', 'Cancelled', 32916);
insert into Booking (booking_id, flight_id, passenger_id, booking_platform, created_at, updated_at, status, ticket_price) values (95, 28, 63, 'Mobile App', '2022-10-16', '2031-01-02', 'Confirmed', 10144);
insert into Booking (booking_id, flight_id, passenger_id, booking_platform, created_at, updated_at, status, ticket_price) values (96, 160, 104, 'Airport Desk', '2024-07-18', '2032-10-04', 'Pending', 36879);
insert into Booking (booking_id, flight_id, passenger_id, booking_platform, created_at, updated_at, status, ticket_price) values (97, 19, 140, 'Travel Agency', '2023-12-05', '2032-02-21', 'Cancelled', 37696);
insert into Booking (booking_id, flight_id, passenger_id, booking_platform, created_at, updated_at, status, ticket_price) values (98, 10, 199, 'Travel Agency', '2024-05-20', '2032-08-06', 'Cancelled', 38453);
insert into Booking (booking_id, flight_id, passenger_id, booking_platform, created_at, updated_at, status, ticket_price) values (99, 36, 26, 'Airport Desk', '2024-09-17', '2032-12-04', 'Cancelled', 24451);
insert into Booking (booking_id, flight_id, passenger_id, booking_platform, created_at, updated_at, status, ticket_price) values (100, 104, 180, 'Mobile App', '2022-12-09', '2031-02-25', 'Cancelled', 44946);
insert into Booking (booking_id, flight_id, passenger_id, booking_platform, created_at, updated_at, status, ticket_price) values (101, 143, 148, 'Airport Desk', '2023-01-01', '2031-03-20', 'Confirmed', 11385);
insert into Booking (booking_id, flight_id, passenger_id, booking_platform, created_at, updated_at, status, ticket_price) values (102, 18, 65, 'Travel Agency', '2024-08-05', '2032-10-22', 'Confirmed', 45320);
insert into Booking (booking_id, flight_id, passenger_id, booking_platform, created_at, updated_at, status, ticket_price) values (103, 170, 185, 'Mobile App', '2023-03-06', '2031-05-23', 'Cancelled', 42260);
insert into Booking (booking_id, flight_id, passenger_id, booking_platform, created_at, updated_at, status, ticket_price) values (104, 184, 190, 'Website', '2024-06-03', '2032-08-20', 'Confirmed', 43100);
insert into Booking (booking_id, flight_id, passenger_id, booking_platform, created_at, updated_at, status, ticket_price) values (105, 110, 146, 'Website', '2023-11-13', '2032-01-30', 'Pending', 22940);
insert into Booking (booking_id, flight_id, passenger_id, booking_platform, created_at, updated_at, status, ticket_price) values (106, 17, 25, 'Airport Desk', '2022-11-03', '2031-01-20', 'Cancelled', 44657);
insert into Booking (booking_id, flight_id, passenger_id, booking_platform, created_at, updated_at, status, ticket_price) values (107, 96, 33, 'Travel Agency', '2022-11-16', '2031-02-02', 'Confirmed', 18184);
insert into Booking (booking_id, flight_id, passenger_id, booking_platform, created_at, updated_at, status, ticket_price) values (108, 192, 177, 'Mobile App', '2024-05-29', '2032-08-15', 'Cancelled', 32070);
insert into Booking (booking_id, flight_id, passenger_id, booking_platform, created_at, updated_at, status, ticket_price) values (109, 174, 163, 'Mobile App', '2023-01-04', '2031-03-23', 'Confirmed', 28930);
insert into Booking (booking_id, flight_id, passenger_id, booking_platform, created_at, updated_at, status, ticket_price) values (110, 155, 149, 'Mobile App', '2023-05-02', '2031-07-19', 'Confirmed', 31927);
insert into Booking (booking_id, flight_id, passenger_id, booking_platform, created_at, updated_at, status, ticket_price) values (111, 38, 82, 'Mobile App', '2024-06-22', '2032-09-08', 'Cancelled', 17317);
insert into Booking (booking_id, flight_id, passenger_id, booking_platform, created_at, updated_at, status, ticket_price) values (112, 131, 42, 'Mobile App', '2023-03-20', '2031-06-06', 'Checked-in', 46980);
insert into Booking (booking_id, flight_id, passenger_id, booking_platform, created_at, updated_at, status, ticket_price) values (113, 32, 149, 'Travel Agency', '2023-02-22', '2031-05-11', 'Checked-in', 36732);
insert into Booking (booking_id, flight_id, passenger_id, booking_platform, created_at, updated_at, status, ticket_price) values (114, 162, 42, 'Mobile App', '2022-10-22', '2031-01-08', 'Confirmed', 11572);
insert into Booking (booking_id, flight_id, passenger_id, booking_platform, created_at, updated_at, status, ticket_price) values (115, 179, 87, 'Mobile App', '2023-04-10', '2031-06-27', 'Confirmed', 46346);
insert into Booking (booking_id, flight_id, passenger_id, booking_platform, created_at, updated_at, status, ticket_price) values (116, 22, 141, 'Website', '2024-02-09', '2032-04-27', 'Checked-in', 33150);
insert into Booking (booking_id, flight_id, passenger_id, booking_platform, created_at, updated_at, status, ticket_price) values (117, 162, 200, 'Mobile App', '2022-12-25', '2031-03-13', 'Confirmed', 28564);
insert into Booking (booking_id, flight_id, passenger_id, booking_platform, created_at, updated_at, status, ticket_price) values (118, 61, 151, 'Airport Desk', '2023-03-12', '2031-05-29', 'Pending', 37344);
insert into Booking (booking_id, flight_id, passenger_id, booking_platform, created_at, updated_at, status, ticket_price) values (119, 2, 111, 'Travel Agency', '2023-04-24', '2031-07-11', 'Pending', 39967);
insert into Booking (booking_id, flight_id, passenger_id, booking_platform, created_at, updated_at, status, ticket_price) values (120, 13, 131, 'Mobile App', '2024-05-15', '2032-08-01', 'Cancelled', 45844);
insert into Booking (booking_id, flight_id, passenger_id, booking_platform, created_at, updated_at, status, ticket_price) values (121, 140, 43, 'Website', '2024-01-05', '2032-03-23', 'Confirmed', 40567);
insert into Booking (booking_id, flight_id, passenger_id, booking_platform, created_at, updated_at, status, ticket_price) values (122, 113, 172, 'Website', '2024-09-20', '2032-12-07', 'Checked-in', 18603);
insert into Booking (booking_id, flight_id, passenger_id, booking_platform, created_at, updated_at, status, ticket_price) values (123, 158, 46, 'Travel Agency', '2023-07-26', '2031-10-12', 'Confirmed', 39620);
insert into Booking (booking_id, flight_id, passenger_id, booking_platform, created_at, updated_at, status, ticket_price) values (124, 54, 87, 'Mobile App', '2023-04-19', '2031-07-06', 'Confirmed', 19594);
insert into Booking (booking_id, flight_id, passenger_id, booking_platform, created_at, updated_at, status, ticket_price) values (125, 120, 5, 'Mobile App', '2023-11-03', '2032-01-20', 'Confirmed', 22682);
insert into Booking (booking_id, flight_id, passenger_id, booking_platform, created_at, updated_at, status, ticket_price) values (126, 193, 49, 'Travel Agency', '2023-01-14', '2031-04-02', 'Pending', 22012);
insert into Booking (booking_id, flight_id, passenger_id, booking_platform, created_at, updated_at, status, ticket_price) values (127, 119, 146, 'Mobile App', '2023-08-25', '2031-11-11', 'Cancelled', 17911);
insert into Booking (booking_id, flight_id, passenger_id, booking_platform, created_at, updated_at, status, ticket_price) values (128, 2, 137, 'Travel Agency', '2024-09-15', '2032-12-02', 'Confirmed', 25253);
insert into Booking (booking_id, flight_id, passenger_id, booking_platform, created_at, updated_at, status, ticket_price) values (129, 125, 111, 'Airport Desk', '2024-08-23', '2032-11-09', 'Confirmed', 47493);
insert into Booking (booking_id, flight_id, passenger_id, booking_platform, created_at, updated_at, status, ticket_price) values (130, 198, 76, 'Mobile App', '2024-05-24', '2032-08-10', 'Confirmed', 40621);
insert into Booking (booking_id, flight_id, passenger_id, booking_platform, created_at, updated_at, status, ticket_price) values (131, 52, 121, 'Airport Desk', '2024-08-12', '2032-10-29', 'Confirmed', 17740);
insert into Booking (booking_id, flight_id, passenger_id, booking_platform, created_at, updated_at, status, ticket_price) values (132, 36, 190, 'Airport Desk', '2024-05-17', '2032-08-03', 'Pending', 13598);
insert into Booking (booking_id, flight_id, passenger_id, booking_platform, created_at, updated_at, status, ticket_price) values (133, 108, 109, 'Website', '2023-04-07', '2031-06-24', 'Confirmed', 42953);
insert into Booking (booking_id, flight_id, passenger_id, booking_platform, created_at, updated_at, status, ticket_price) values (134, 56, 113, 'Website', '2023-04-09', '2031-06-26', 'Confirmed', 32033);
insert into Booking (booking_id, flight_id, passenger_id, booking_platform, created_at, updated_at, status, ticket_price) values (135, 14, 159, 'Airport Desk', '2023-12-05', '2032-02-21', 'Pending', 49394);
insert into Booking (booking_id, flight_id, passenger_id, booking_platform, created_at, updated_at, status, ticket_price) values (136, 84, 115, 'Airport Desk', '2023-12-25', '2032-03-12', 'Pending', 39080);
insert into Booking (booking_id, flight_id, passenger_id, booking_platform, created_at, updated_at, status, ticket_price) values (137, 65, 15, 'Mobile App', '2022-11-15', '2031-02-01', 'Confirmed', 32863);
insert into Booking (booking_id, flight_id, passenger_id, booking_platform, created_at, updated_at, status, ticket_price) values (138, 177, 66, 'Airport Desk', '2024-06-05', '2032-08-22', 'Cancelled', 22595);
insert into Booking (booking_id, flight_id, passenger_id, booking_platform, created_at, updated_at, status, ticket_price) values (139, 67, 132, 'Airport Desk', '2024-07-12', '2032-09-28', 'Checked-in', 24430);
insert into Booking (booking_id, flight_id, passenger_id, booking_platform, created_at, updated_at, status, ticket_price) values (140, 113, 130, 'Airport Desk', '2023-04-07', '2031-06-24', 'Checked-in', 34011);
insert into Booking (booking_id, flight_id, passenger_id, booking_platform, created_at, updated_at, status, ticket_price) values (141, 1, 47, 'Mobile App', '2023-01-19', '2031-04-07', 'Confirmed', 12068);
insert into Booking (booking_id, flight_id, passenger_id, booking_platform, created_at, updated_at, status, ticket_price) values (142, 192, 9, 'Website', '2022-12-09', '2031-02-25', 'Pending', 40248);
insert into Booking (booking_id, flight_id, passenger_id, booking_platform, created_at, updated_at, status, ticket_price) values (143, 11, 172, 'Mobile App', '2023-07-18', '2031-10-04', 'Cancelled', 26302);
insert into Booking (booking_id, flight_id, passenger_id, booking_platform, created_at, updated_at, status, ticket_price) values (144, 150, 29, 'Travel Agency', '2023-02-18', '2031-05-07', 'Cancelled', 32753);
insert into Booking (booking_id, flight_id, passenger_id, booking_platform, created_at, updated_at, status, ticket_price) values (145, 91, 73, 'Website', '2024-07-28', '2032-10-14', 'Checked-in', 28612);
insert into Booking (booking_id, flight_id, passenger_id, booking_platform, created_at, updated_at, status, ticket_price) values (146, 139, 135, 'Airport Desk', '2024-07-14', '2032-09-30', 'Confirmed', 48940);
insert into Booking (booking_id, flight_id, passenger_id, booking_platform, created_at, updated_at, status, ticket_price) values (147, 111, 89, 'Mobile App', '2022-12-10', '2031-02-26', 'Checked-in', 42828);
insert into Booking (booking_id, flight_id, passenger_id, booking_platform, created_at, updated_at, status, ticket_price) values (148, 35, 184, 'Airport Desk', '2023-10-24', '2032-01-10', 'Checked-in', 11877);
insert into Booking (booking_id, flight_id, passenger_id, booking_platform, created_at, updated_at, status, ticket_price) values (149, 52, 32, 'Mobile App', '2023-05-10', '2031-07-27', 'Checked-in', 26735);
insert into Booking (booking_id, flight_id, passenger_id, booking_platform, created_at, updated_at, status, ticket_price) values (150, 55, 70, 'Airport Desk', '2023-05-01', '2031-07-18', 'Pending', 19767);
insert into Booking (booking_id, flight_id, passenger_id, booking_platform, created_at, updated_at, status, ticket_price) values (151, 148, 29, 'Airport Desk', '2023-04-04', '2031-06-21', 'Confirmed', 10232);
insert into Booking (booking_id, flight_id, passenger_id, booking_platform, created_at, updated_at, status, ticket_price) values (152, 8, 144, 'Airport Desk', '2023-06-06', '2031-08-23', 'Confirmed', 35965);
insert into Booking (booking_id, flight_id, passenger_id, booking_platform, created_at, updated_at, status, ticket_price) values (153, 135, 44, 'Mobile App', '2023-08-06', '2031-10-23', 'Cancelled', 34870);
insert into Booking (booking_id, flight_id, passenger_id, booking_platform, created_at, updated_at, status, ticket_price) values (154, 151, 46, 'Mobile App', '2023-10-29', '2032-01-15', 'Confirmed', 26974);
insert into Booking (booking_id, flight_id, passenger_id, booking_platform, created_at, updated_at, status, ticket_price) values (155, 194, 138, 'Mobile App', '2023-03-07', '2031-05-24', 'Cancelled', 42962);
insert into Booking (booking_id, flight_id, passenger_id, booking_platform, created_at, updated_at, status, ticket_price) values (156, 117, 106, 'Travel Agency', '2022-11-08', '2031-01-25', 'Cancelled', 30593);
insert into Booking (booking_id, flight_id, passenger_id, booking_platform, created_at, updated_at, status, ticket_price) values (157, 70, 45, 'Website', '2023-11-04', '2032-01-21', 'Confirmed', 40534);
insert into Booking (booking_id, flight_id, passenger_id, booking_platform, created_at, updated_at, status, ticket_price) values (158, 180, 12, 'Mobile App', '2023-02-14', '2031-05-03', 'Confirmed', 44111);
insert into Booking (booking_id, flight_id, passenger_id, booking_platform, created_at, updated_at, status, ticket_price) values (159, 48, 7, 'Travel Agency', '2024-06-24', '2032-09-10', 'Confirmed', 13328);
insert into Booking (booking_id, flight_id, passenger_id, booking_platform, created_at, updated_at, status, ticket_price) values (160, 171, 166, 'Mobile App', '2024-05-25', '2032-08-11', 'Checked-in', 27429);
insert into Booking (booking_id, flight_id, passenger_id, booking_platform, created_at, updated_at, status, ticket_price) values (161, 60, 9, 'Travel Agency', '2023-09-08', '2031-11-25', 'Confirmed', 19027);
insert into Booking (booking_id, flight_id, passenger_id, booking_platform, created_at, updated_at, status, ticket_price) values (162, 115, 22, 'Airport Desk', '2023-12-11', '2032-02-27', 'Confirmed', 35776);
insert into Booking (booking_id, flight_id, passenger_id, booking_platform, created_at, updated_at, status, ticket_price) values (163, 160, 12, 'Website', '2023-11-30', '2032-02-16', 'Checked-in', 27012);
insert into Booking (booking_id, flight_id, passenger_id, booking_platform, created_at, updated_at, status, ticket_price) values (164, 165, 9, 'Website', '2022-10-23', '2031-01-09', 'Cancelled', 14250);
insert into Booking (booking_id, flight_id, passenger_id, booking_platform, created_at, updated_at, status, ticket_price) values (165, 117, 98, 'Website', '2024-05-15', '2032-08-01', 'Cancelled', 31501);
insert into Booking (booking_id, flight_id, passenger_id, booking_platform, created_at, updated_at, status, ticket_price) values (166, 139, 170, 'Mobile App', '2023-08-12', '2031-10-29', 'Checked-in', 42783);
insert into Booking (booking_id, flight_id, passenger_id, booking_platform, created_at, updated_at, status, ticket_price) values (167, 168, 157, 'Airport Desk', '2023-02-24', '2031-05-13', 'Pending', 40806);
insert into Booking (booking_id, flight_id, passenger_id, booking_platform, created_at, updated_at, status, ticket_price) values (168, 155, 164, 'Website', '2023-05-08', '2031-07-25', 'Confirmed', 30904);
insert into Booking (booking_id, flight_id, passenger_id, booking_platform, created_at, updated_at, status, ticket_price) values (169, 191, 85, 'Airport Desk', '2023-11-09', '2032-01-26', 'Checked-in', 19983);
insert into Booking (booking_id, flight_id, passenger_id, booking_platform, created_at, updated_at, status, ticket_price) values (170, 142, 4, 'Airport Desk', '2024-03-13', '2032-05-30', 'Checked-in', 19428);
insert into Booking (booking_id, flight_id, passenger_id, booking_platform, created_at, updated_at, status, ticket_price) values (171, 114, 6, 'Website', '2023-06-11', '2031-08-28', 'Confirmed', 28641);
insert into Booking (booking_id, flight_id, passenger_id, booking_platform, created_at, updated_at, status, ticket_price) values (172, 75, 137, 'Mobile App', '2024-01-27', '2032-04-14', 'Confirmed', 14768);
insert into Booking (booking_id, flight_id, passenger_id, booking_platform, created_at, updated_at, status, ticket_price) values (173, 154, 46, 'Airport Desk', '2024-01-22', '2032-04-09', 'Checked-in', 40407);
insert into Booking (booking_id, flight_id, passenger_id, booking_platform, created_at, updated_at, status, ticket_price) values (174, 1, 53, 'Airport Desk', '2023-04-03', '2031-06-20', 'Pending', 41540);
insert into Booking (booking_id, flight_id, passenger_id, booking_platform, created_at, updated_at, status, ticket_price) values (175, 44, 183, 'Website', '2024-02-08', '2032-04-26', 'Checked-in', 38276);
insert into Booking (booking_id, flight_id, passenger_id, booking_platform, created_at, updated_at, status, ticket_price) values (176, 87, 178, 'Website', '2024-04-17', '2032-07-04', 'Checked-in', 44606);
insert into Booking (booking_id, flight_id, passenger_id, booking_platform, created_at, updated_at, status, ticket_price) values (177, 147, 37, 'Travel Agency', '2023-03-03', '2031-05-20', 'Pending', 38804);
insert into Booking (booking_id, flight_id, passenger_id, booking_platform, created_at, updated_at, status, ticket_price) values (178, 5, 129, 'Travel Agency', '2023-03-18', '2031-06-04', 'Confirmed', 41860);
insert into Booking (booking_id, flight_id, passenger_id, booking_platform, created_at, updated_at, status, ticket_price) values (179, 196, 10, 'Airport Desk', '2022-12-11', '2031-02-27', 'Cancelled', 31541);
insert into Booking (booking_id, flight_id, passenger_id, booking_platform, created_at, updated_at, status, ticket_price) values (180, 51, 48, 'Travel Agency', '2023-03-01', '2031-05-18', 'Checked-in', 33866);
insert into Booking (booking_id, flight_id, passenger_id, booking_platform, created_at, updated_at, status, ticket_price) values (181, 94, 133, 'Mobile App', '2023-06-21', '2031-09-07', 'Cancelled', 14242);
insert into Booking (booking_id, flight_id, passenger_id, booking_platform, created_at, updated_at, status, ticket_price) values (182, 182, 83, 'Website', '2024-02-04', '2032-04-22', 'Cancelled', 45679);
insert into Booking (booking_id, flight_id, passenger_id, booking_platform, created_at, updated_at, status, ticket_price) values (183, 72, 171, 'Airport Desk', '2023-09-25', '2031-12-12', 'Checked-in', 38542);
insert into Booking (booking_id, flight_id, passenger_id, booking_platform, created_at, updated_at, status, ticket_price) values (184, 5, 153, 'Travel Agency', '2024-04-08', '2032-06-25', 'Confirmed', 13511);
insert into Booking (booking_id, flight_id, passenger_id, booking_platform, created_at, updated_at, status, ticket_price) values (185, 46, 149, 'Mobile App', '2023-10-07', '2031-12-24', 'Cancelled', 16767);
insert into Booking (booking_id, flight_id, passenger_id, booking_platform, created_at, updated_at, status, ticket_price) values (186, 164, 190, 'Travel Agency', '2024-01-30', '2032-04-17', 'Cancelled', 26868);
insert into Booking (booking_id, flight_id, passenger_id, booking_platform, created_at, updated_at, status, ticket_price) values (187, 98, 60, 'Travel Agency', '2023-04-22', '2031-07-09', 'Pending', 30467);
insert into Booking (booking_id, flight_id, passenger_id, booking_platform, created_at, updated_at, status, ticket_price) values (188, 184, 160, 'Airport Desk', '2024-03-20', '2032-06-06', 'Checked-in', 19356);
insert into Booking (booking_id, flight_id, passenger_id, booking_platform, created_at, updated_at, status, ticket_price) values (189, 163, 40, 'Travel Agency', '2023-01-28', '2031-04-16', 'Pending', 38104);
insert into Booking (booking_id, flight_id, passenger_id, booking_platform, created_at, updated_at, status, ticket_price) values (190, 52, 127, 'Airport Desk', '2023-01-21', '2031-04-09', 'Cancelled', 41687);
insert into Booking (booking_id, flight_id, passenger_id, booking_platform, created_at, updated_at, status, ticket_price) values (191, 50, 6, 'Mobile App', '2023-12-13', '2032-02-29', 'Confirmed', 49126);
insert into Booking (booking_id, flight_id, passenger_id, booking_platform, created_at, updated_at, status, ticket_price) values (192, 33, 160, 'Website', '2023-07-11', '2031-09-27', 'Cancelled', 43875);
insert into Booking (booking_id, flight_id, passenger_id, booking_platform, created_at, updated_at, status, ticket_price) values (193, 96, 193, 'Website', '2024-01-13', '2032-03-31', 'Cancelled', 30634);
insert into Booking (booking_id, flight_id, passenger_id, booking_platform, created_at, updated_at, status, ticket_price) values (194, 180, 169, 'Mobile App', '2023-12-26', '2032-03-13', 'Cancelled', 15904);
insert into Booking (booking_id, flight_id, passenger_id, booking_platform, created_at, updated_at, status, ticket_price) values (195, 10, 174, 'Travel Agency', '2023-08-10', '2031-10-27', 'Cancelled', 15178);
insert into Booking (booking_id, flight_id, passenger_id, booking_platform, created_at, updated_at, status, ticket_price) values (196, 124, 25, 'Mobile App', '2024-05-27', '2032-08-13', 'Confirmed', 21289);
insert into Booking (booking_id, flight_id, passenger_id, booking_platform, created_at, updated_at, status, ticket_price) values (197, 81, 176, 'Mobile App', '2023-01-07', '2031-03-26', 'Cancelled', 37256);
insert into Booking (booking_id, flight_id, passenger_id, booking_platform, created_at, updated_at, status, ticket_price) values (198, 142, 25, 'Website', '2023-09-28', '2031-12-15', 'Checked-in', 17509);
insert into Booking (booking_id, flight_id, passenger_id, booking_platform, created_at, updated_at, status, ticket_price) values (199, 185, 56, 'Website', '2023-06-24', '2031-09-10', 'Pending', 18851);
insert into Booking (booking_id, flight_id, passenger_id, booking_platform, created_at, updated_at, status, ticket_price) values (200, 20, 184, 'Website', '2024-08-11', '2032-10-28', 'Checked-in', 19429);

insert into Booking_flight (booking_flight_id, booking_id, flight_id, created_at, updated_at) values (1, 66, 74, '2009-03-01', '2014-08-22');
insert into Booking_flight (booking_flight_id, booking_id, flight_id, created_at, updated_at) values (2, 162, 54, '1994-05-13', '1999-11-03');
insert into Booking_flight (booking_flight_id, booking_id, flight_id, created_at, updated_at) values (3, 86, 195, '1970-02-07', '1975-07-31');
insert into Booking_flight (booking_flight_id, booking_id, flight_id, created_at, updated_at) values (4, 184, 172, '2007-05-22', '2012-11-11');
insert into Booking_flight (booking_flight_id, booking_id, flight_id, created_at, updated_at) values (5, 22, 54, '2012-09-12', '2018-03-05');
insert into Booking_flight (booking_flight_id, booking_id, flight_id, created_at, updated_at) values (6, 78, 98, '1951-12-09', '1957-05-31');
insert into Booking_flight (booking_flight_id, booking_id, flight_id, created_at, updated_at) values (7, 179, 200, '1951-09-17', '1957-03-09');
insert into Booking_flight (booking_flight_id, booking_id, flight_id, created_at, updated_at) values (8, 137, 185, '2002-06-28', '2007-12-19');
insert into Booking_flight (booking_flight_id, booking_id, flight_id, created_at, updated_at) values (9, 103, 181, '1974-01-31', '1979-07-24');
insert into Booking_flight (booking_flight_id, booking_id, flight_id, created_at, updated_at) values (10, 167, 158, '2018-12-14', '2024-06-05');
insert into Booking_flight (booking_flight_id, booking_id, flight_id, created_at, updated_at) values (11, 164, 186, '1997-03-22', '2002-09-12');
insert into Booking_flight (booking_flight_id, booking_id, flight_id, created_at, updated_at) values (12, 175, 61, '2002-04-11', '2007-10-02');
insert into Booking_flight (booking_flight_id, booking_id, flight_id, created_at, updated_at) values (13, 24, 157, '1961-10-17', '1967-04-09');
insert into Booking_flight (booking_flight_id, booking_id, flight_id, created_at, updated_at) values (14, 91, 104, '1979-06-09', '1984-11-29');
insert into Booking_flight (booking_flight_id, booking_id, flight_id, created_at, updated_at) values (15, 107, 181, '1994-06-06', '1999-11-27');
insert into Booking_flight (booking_flight_id, booking_id, flight_id, created_at, updated_at) values (16, 183, 167, '1965-12-03', '1971-05-26');
insert into Booking_flight (booking_flight_id, booking_id, flight_id, created_at, updated_at) values (17, 90, 92, '1969-11-06', '1975-04-29');
insert into Booking_flight (booking_flight_id, booking_id, flight_id, created_at, updated_at) values (18, 119, 37, '1959-05-09', '1964-10-29');
insert into Booking_flight (booking_flight_id, booking_id, flight_id, created_at, updated_at) values (19, 194, 197, '2009-07-14', '2015-01-04');
insert into Booking_flight (booking_flight_id, booking_id, flight_id, created_at, updated_at) values (20, 112, 60, '1978-11-23', '1984-05-15');
insert into Booking_flight (booking_flight_id, booking_id, flight_id, created_at, updated_at) values (21, 36, 161, '2009-08-07', '2015-01-28');
insert into Booking_flight (booking_flight_id, booking_id, flight_id, created_at, updated_at) values (22, 169, 48, '1991-08-31', '1997-02-20');
insert into Booking_flight (booking_flight_id, booking_id, flight_id, created_at, updated_at) values (23, 107, 160, '1976-12-16', '1982-06-08');
insert into Booking_flight (booking_flight_id, booking_id, flight_id, created_at, updated_at) values (24, 199, 42, '1992-02-17', '1997-08-09');
insert into Booking_flight (booking_flight_id, booking_id, flight_id, created_at, updated_at) values (25, 122, 128, '2002-04-14', '2007-10-05');
insert into Booking_flight (booking_flight_id, booking_id, flight_id, created_at, updated_at) values (26, 76, 137, '1977-09-15', '1983-03-08');
insert into Booking_flight (booking_flight_id, booking_id, flight_id, created_at, updated_at) values (27, 93, 67, '1981-11-28', '1987-05-21');
insert into Booking_flight (booking_flight_id, booking_id, flight_id, created_at, updated_at) values (28, 46, 156, '1957-08-01', '1963-01-22');
insert into Booking_flight (booking_flight_id, booking_id, flight_id, created_at, updated_at) values (29, 85, 95, '1977-02-06', '1982-07-30');
insert into Booking_flight (booking_flight_id, booking_id, flight_id, created_at, updated_at) values (30, 192, 46, '1986-06-28', '1991-12-19');
insert into Booking_flight (booking_flight_id, booking_id, flight_id, created_at, updated_at) values (31, 174, 113, '1997-11-29', '2003-05-22');
insert into Booking_flight (booking_flight_id, booking_id, flight_id, created_at, updated_at) values (32, 46, 114, '1961-06-01', '1966-11-22');
insert into Booking_flight (booking_flight_id, booking_id, flight_id, created_at, updated_at) values (33, 172, 198, '1996-04-13', '2001-10-04');
insert into Booking_flight (booking_flight_id, booking_id, flight_id, created_at, updated_at) values (34, 134, 163, '1972-03-07', '1977-08-28');
insert into Booking_flight (booking_flight_id, booking_id, flight_id, created_at, updated_at) values (35, 107, 99, '2015-09-26', '2021-03-18');
insert into Booking_flight (booking_flight_id, booking_id, flight_id, created_at, updated_at) values (36, 119, 146, '1976-08-14', '1982-02-04');
insert into Booking_flight (booking_flight_id, booking_id, flight_id, created_at, updated_at) values (37, 114, 52, '1981-12-15', '1987-06-07');
insert into Booking_flight (booking_flight_id, booking_id, flight_id, created_at, updated_at) values (38, 17, 77, '2010-06-14', '2015-12-05');
insert into Booking_flight (booking_flight_id, booking_id, flight_id, created_at, updated_at) values (39, 81, 42, '1976-05-20', '1981-11-10');
insert into Booking_flight (booking_flight_id, booking_id, flight_id, created_at, updated_at) values (40, 156, 65, '1991-09-25', '1997-03-17');
insert into Booking_flight (booking_flight_id, booking_id, flight_id, created_at, updated_at) values (41, 60, 123, '1960-06-12', '1965-12-03');
insert into Booking_flight (booking_flight_id, booking_id, flight_id, created_at, updated_at) values (42, 114, 17, '2002-05-14', '2007-11-04');
insert into Booking_flight (booking_flight_id, booking_id, flight_id, created_at, updated_at) values (43, 25, 162, '1957-03-01', '1962-08-22');
insert into Booking_flight (booking_flight_id, booking_id, flight_id, created_at, updated_at) values (44, 66, 153, '1951-03-07', '1956-08-27');
insert into Booking_flight (booking_flight_id, booking_id, flight_id, created_at, updated_at) values (45, 188, 183, '1956-12-01', '1962-05-24');
insert into Booking_flight (booking_flight_id, booking_id, flight_id, created_at, updated_at) values (46, 113, 27, '2007-05-16', '2012-11-05');
insert into Booking_flight (booking_flight_id, booking_id, flight_id, created_at, updated_at) values (47, 191, 200, '2019-05-24', '2024-11-13');
insert into Booking_flight (booking_flight_id, booking_id, flight_id, created_at, updated_at) values (48, 21, 30, '1970-09-21', '1976-03-13');
insert into Booking_flight (booking_flight_id, booking_id, flight_id, created_at, updated_at) values (49, 111, 118, '1992-01-26', '1997-07-18');
insert into Booking_flight (booking_flight_id, booking_id, flight_id, created_at, updated_at) values (50, 54, 150, '1968-01-17', '1973-07-09');
insert into Booking_flight (booking_flight_id, booking_id, flight_id, created_at, updated_at) values (51, 53, 160, '1983-03-18', '1988-09-07');
insert into Booking_flight (booking_flight_id, booking_id, flight_id, created_at, updated_at) values (52, 39, 1, '2011-09-18', '2017-03-10');
insert into Booking_flight (booking_flight_id, booking_id, flight_id, created_at, updated_at) values (53, 98, 19, '2001-02-15', '2006-08-08');
insert into Booking_flight (booking_flight_id, booking_id, flight_id, created_at, updated_at) values (54, 14, 49, '1996-02-18', '2001-08-10');
insert into Booking_flight (booking_flight_id, booking_id, flight_id, created_at, updated_at) values (55, 38, 184, '1976-02-27', '1981-08-19');
insert into Booking_flight (booking_flight_id, booking_id, flight_id, created_at, updated_at) values (56, 46, 193, '1960-06-12', '1965-12-03');
insert into Booking_flight (booking_flight_id, booking_id, flight_id, created_at, updated_at) values (57, 31, 99, '1972-11-10', '1978-05-03');
insert into Booking_flight (booking_flight_id, booking_id, flight_id, created_at, updated_at) values (58, 194, 84, '1995-12-02', '2001-05-24');
insert into Booking_flight (booking_flight_id, booking_id, flight_id, created_at, updated_at) values (59, 20, 125, '2015-01-08', '2020-06-30');
insert into Booking_flight (booking_flight_id, booking_id, flight_id, created_at, updated_at) values (60, 54, 98, '1989-02-05', '1994-07-29');
insert into Booking_flight (booking_flight_id, booking_id, flight_id, created_at, updated_at) values (61, 95, 5, '1951-01-13', '1956-07-05');
insert into Booking_flight (booking_flight_id, booking_id, flight_id, created_at, updated_at) values (62, 11, 66, '2009-04-09', '2014-09-30');
insert into Booking_flight (booking_flight_id, booking_id, flight_id, created_at, updated_at) values (63, 181, 20, '1996-12-29', '2002-06-21');
insert into Booking_flight (booking_flight_id, booking_id, flight_id, created_at, updated_at) values (64, 188, 172, '2016-02-04', '2021-07-27');
insert into Booking_flight (booking_flight_id, booking_id, flight_id, created_at, updated_at) values (65, 34, 34, '2009-02-25', '2014-08-18');
insert into Booking_flight (booking_flight_id, booking_id, flight_id, created_at, updated_at) values (66, 91, 34, '1993-07-18', '1999-01-08');
insert into Booking_flight (booking_flight_id, booking_id, flight_id, created_at, updated_at) values (67, 196, 155, '1974-11-02', '1980-04-24');
insert into Booking_flight (booking_flight_id, booking_id, flight_id, created_at, updated_at) values (68, 200, 153, '1955-01-26', '1960-07-18');
insert into Booking_flight (booking_flight_id, booking_id, flight_id, created_at, updated_at) values (69, 102, 102, '1975-05-29', '1980-11-18');
insert into Booking_flight (booking_flight_id, booking_id, flight_id, created_at, updated_at) values (70, 185, 4, '1997-09-12', '2003-03-05');
insert into Booking_flight (booking_flight_id, booking_id, flight_id, created_at, updated_at) values (71, 69, 104, '2018-05-15', '2023-11-05');
insert into Booking_flight (booking_flight_id, booking_id, flight_id, created_at, updated_at) values (72, 123, 153, '1973-11-21', '1979-05-14');
insert into Booking_flight (booking_flight_id, booking_id, flight_id, created_at, updated_at) values (73, 102, 131, '2006-12-23', '2012-06-14');
insert into Booking_flight (booking_flight_id, booking_id, flight_id, created_at, updated_at) values (74, 153, 140, '1972-03-29', '1977-09-19');
insert into Booking_flight (booking_flight_id, booking_id, flight_id, created_at, updated_at) values (75, 50, 49, '1951-01-23', '1956-07-15');
insert into Booking_flight (booking_flight_id, booking_id, flight_id, created_at, updated_at) values (76, 152, 32, '1976-03-03', '1981-08-24');
insert into Booking_flight (booking_flight_id, booking_id, flight_id, created_at, updated_at) values (77, 32, 87, '1960-03-13', '1965-09-03');
insert into Booking_flight (booking_flight_id, booking_id, flight_id, created_at, updated_at) values (78, 164, 123, '1976-09-29', '1982-03-22');
insert into Booking_flight (booking_flight_id, booking_id, flight_id, created_at, updated_at) values (79, 120, 199, '1987-01-06', '1992-06-28');
insert into Booking_flight (booking_flight_id, booking_id, flight_id, created_at, updated_at) values (80, 189, 135, '2012-05-10', '2017-10-31');
insert into Booking_flight (booking_flight_id, booking_id, flight_id, created_at, updated_at) values (81, 178, 128, '1994-05-11', '1999-11-01');
insert into Booking_flight (booking_flight_id, booking_id, flight_id, created_at, updated_at) values (82, 93, 17, '2009-06-24', '2014-12-15');
insert into Booking_flight (booking_flight_id, booking_id, flight_id, created_at, updated_at) values (83, 148, 17, '2002-12-08', '2008-05-30');
insert into Booking_flight (booking_flight_id, booking_id, flight_id, created_at, updated_at) values (84, 39, 30, '1996-04-20', '2001-10-11');
insert into Booking_flight (booking_flight_id, booking_id, flight_id, created_at, updated_at) values (85, 200, 48, '1987-01-11', '1992-07-03');
insert into Booking_flight (booking_flight_id, booking_id, flight_id, created_at, updated_at) values (86, 113, 39, '1984-01-07', '1989-06-29');
insert into Booking_flight (booking_flight_id, booking_id, flight_id, created_at, updated_at) values (87, 99, 108, '1990-04-28', '1995-10-19');
insert into Booking_flight (booking_flight_id, booking_id, flight_id, created_at, updated_at) values (88, 31, 7, '1960-04-01', '1965-09-22');
insert into Booking_flight (booking_flight_id, booking_id, flight_id, created_at, updated_at) values (89, 148, 107, '2018-07-07', '2023-12-28');
insert into Booking_flight (booking_flight_id, booking_id, flight_id, created_at, updated_at) values (90, 39, 117, '1982-04-08', '1987-09-29');
insert into Booking_flight (booking_flight_id, booking_id, flight_id, created_at, updated_at) values (91, 1, 9, '2006-11-19', '2012-05-11');
insert into Booking_flight (booking_flight_id, booking_id, flight_id, created_at, updated_at) values (92, 136, 123, '1964-11-14', '1970-05-07');
insert into Booking_flight (booking_flight_id, booking_id, flight_id, created_at, updated_at) values (93, 15, 94, '1963-07-08', '1968-12-28');
insert into Booking_flight (booking_flight_id, booking_id, flight_id, created_at, updated_at) values (94, 30, 178, '2012-09-22', '2018-03-15');
insert into Booking_flight (booking_flight_id, booking_id, flight_id, created_at, updated_at) values (95, 20, 146, '2016-03-13', '2021-09-03');
insert into Booking_flight (booking_flight_id, booking_id, flight_id, created_at, updated_at) values (96, 66, 174, '1958-06-20', '1963-12-11');
insert into Booking_flight (booking_flight_id, booking_id, flight_id, created_at, updated_at) values (97, 161, 13, '2000-05-27', '2005-11-17');
insert into Booking_flight (booking_flight_id, booking_id, flight_id, created_at, updated_at) values (98, 170, 37, '1979-12-04', '1985-05-26');
insert into Booking_flight (booking_flight_id, booking_id, flight_id, created_at, updated_at) values (99, 45, 113, '2017-09-05', '2023-02-26');
insert into Booking_flight (booking_flight_id, booking_id, flight_id, created_at, updated_at) values (100, 172, 46, '2018-03-29', '2023-09-19');
insert into Booking_flight (booking_flight_id, booking_id, flight_id, created_at, updated_at) values (101, 144, 90, '1955-07-02', '1960-12-22');
insert into Booking_flight (booking_flight_id, booking_id, flight_id, created_at, updated_at) values (102, 76, 74, '2007-02-26', '2012-08-18');
insert into Booking_flight (booking_flight_id, booking_id, flight_id, created_at, updated_at) values (103, 70, 141, '1988-09-19', '1994-03-12');
insert into Booking_flight (booking_flight_id, booking_id, flight_id, created_at, updated_at) values (104, 184, 159, '1999-10-26', '2005-04-17');
insert into Booking_flight (booking_flight_id, booking_id, flight_id, created_at, updated_at) values (105, 197, 90, '1955-11-24', '1961-05-16');
insert into Booking_flight (booking_flight_id, booking_id, flight_id, created_at, updated_at) values (106, 145, 18, '1976-12-25', '1982-06-17');
insert into Booking_flight (booking_flight_id, booking_id, flight_id, created_at, updated_at) values (107, 105, 128, '1976-11-15', '1982-05-08');
insert into Booking_flight (booking_flight_id, booking_id, flight_id, created_at, updated_at) values (108, 122, 156, '2001-02-02', '2006-07-26');
insert into Booking_flight (booking_flight_id, booking_id, flight_id, created_at, updated_at) values (109, 91, 60, '1959-04-14', '1964-10-04');
insert into Booking_flight (booking_flight_id, booking_id, flight_id, created_at, updated_at) values (110, 126, 177, '1954-05-19', '1959-11-09');
insert into Booking_flight (booking_flight_id, booking_id, flight_id, created_at, updated_at) values (111, 171, 116, '1969-12-04', '1975-05-27');
insert into Booking_flight (booking_flight_id, booking_id, flight_id, created_at, updated_at) values (112, 63, 198, '1953-07-12', '1959-01-02');
insert into Booking_flight (booking_flight_id, booking_id, flight_id, created_at, updated_at) values (113, 180, 168, '1969-10-01', '1975-03-24');
insert into Booking_flight (booking_flight_id, booking_id, flight_id, created_at, updated_at) values (114, 5, 78, '2012-08-08', '2018-01-29');
insert into Booking_flight (booking_flight_id, booking_id, flight_id, created_at, updated_at) values (115, 83, 97, '2001-07-17', '2007-01-07');
insert into Booking_flight (booking_flight_id, booking_id, flight_id, created_at, updated_at) values (116, 122, 64, '1987-04-03', '1992-09-23');
insert into Booking_flight (booking_flight_id, booking_id, flight_id, created_at, updated_at) values (117, 21, 33, '2008-06-15', '2013-12-06');
insert into Booking_flight (booking_flight_id, booking_id, flight_id, created_at, updated_at) values (118, 58, 127, '2005-11-10', '2011-05-03');
insert into Booking_flight (booking_flight_id, booking_id, flight_id, created_at, updated_at) values (119, 163, 33, '1955-08-26', '1961-02-15');
insert into Booking_flight (booking_flight_id, booking_id, flight_id, created_at, updated_at) values (120, 192, 56, '1956-08-20', '1962-02-10');
insert into Booking_flight (booking_flight_id, booking_id, flight_id, created_at, updated_at) values (121, 83, 185, '1977-04-03', '1982-09-24');
insert into Booking_flight (booking_flight_id, booking_id, flight_id, created_at, updated_at) values (122, 41, 196, '1991-05-10', '1996-10-30');
insert into Booking_flight (booking_flight_id, booking_id, flight_id, created_at, updated_at) values (123, 80, 38, '1983-08-24', '1989-02-13');
insert into Booking_flight (booking_flight_id, booking_id, flight_id, created_at, updated_at) values (124, 17, 8, '2009-01-26', '2014-07-19');
insert into Booking_flight (booking_flight_id, booking_id, flight_id, created_at, updated_at) values (125, 3, 127, '1999-02-25', '2004-08-17');
insert into Booking_flight (booking_flight_id, booking_id, flight_id, created_at, updated_at) values (126, 99, 146, '1956-09-21', '1962-03-14');
insert into Booking_flight (booking_flight_id, booking_id, flight_id, created_at, updated_at) values (127, 118, 106, '2009-07-18', '2015-01-08');
insert into Booking_flight (booking_flight_id, booking_id, flight_id, created_at, updated_at) values (128, 110, 200, '1968-12-28', '1974-06-20');
insert into Booking_flight (booking_flight_id, booking_id, flight_id, created_at, updated_at) values (129, 111, 179, '2012-07-09', '2017-12-30');
insert into Booking_flight (booking_flight_id, booking_id, flight_id, created_at, updated_at) values (130, 49, 84, '1967-04-27', '1972-10-17');
insert into Booking_flight (booking_flight_id, booking_id, flight_id, created_at, updated_at) values (131, 117, 109, '1988-09-03', '1994-02-24');
insert into Booking_flight (booking_flight_id, booking_id, flight_id, created_at, updated_at) values (132, 148, 42, '2008-03-30', '2013-09-20');
insert into Booking_flight (booking_flight_id, booking_id, flight_id, created_at, updated_at) values (133, 101, 183, '1957-09-02', '1963-02-23');
insert into Booking_flight (booking_flight_id, booking_id, flight_id, created_at, updated_at) values (134, 199, 192, '1973-07-19', '1979-01-09');
insert into Booking_flight (booking_flight_id, booking_id, flight_id, created_at, updated_at) values (135, 179, 74, '2012-12-24', '2018-06-16');
insert into Booking_flight (booking_flight_id, booking_id, flight_id, created_at, updated_at) values (136, 157, 33, '1988-05-30', '1993-11-20');
insert into Booking_flight (booking_flight_id, booking_id, flight_id, created_at, updated_at) values (137, 174, 60, '1982-10-18', '1988-04-09');
insert into Booking_flight (booking_flight_id, booking_id, flight_id, created_at, updated_at) values (138, 149, 40, '1996-12-25', '2002-06-17');
insert into Booking_flight (booking_flight_id, booking_id, flight_id, created_at, updated_at) values (139, 58, 118, '1971-10-02', '1977-03-24');
insert into Booking_flight (booking_flight_id, booking_id, flight_id, created_at, updated_at) values (140, 25, 123, '1973-08-31', '1979-02-21');
insert into Booking_flight (booking_flight_id, booking_id, flight_id, created_at, updated_at) values (141, 142, 196, '1980-09-14', '1986-03-07');
insert into Booking_flight (booking_flight_id, booking_id, flight_id, created_at, updated_at) values (142, 87, 197, '1973-05-13', '1978-11-03');
insert into Booking_flight (booking_flight_id, booking_id, flight_id, created_at, updated_at) values (143, 176, 147, '1996-10-21', '2002-04-13');
insert into Booking_flight (booking_flight_id, booking_id, flight_id, created_at, updated_at) values (144, 189, 43, '1966-10-12', '1972-04-03');
insert into Booking_flight (booking_flight_id, booking_id, flight_id, created_at, updated_at) values (145, 26, 21, '1973-05-25', '1978-11-15');
insert into Booking_flight (booking_flight_id, booking_id, flight_id, created_at, updated_at) values (146, 139, 108, '2013-08-21', '2019-02-11');
insert into Booking_flight (booking_flight_id, booking_id, flight_id, created_at, updated_at) values (147, 159, 49, '1956-12-13', '1962-06-05');
insert into Booking_flight (booking_flight_id, booking_id, flight_id, created_at, updated_at) values (148, 102, 163, '1960-01-19', '1965-07-11');
insert into Booking_flight (booking_flight_id, booking_id, flight_id, created_at, updated_at) values (149, 36, 45, '2014-10-30', '2020-04-21');
insert into Booking_flight (booking_flight_id, booking_id, flight_id, created_at, updated_at) values (150, 183, 193, '1997-07-22', '2003-01-12');
insert into Booking_flight (booking_flight_id, booking_id, flight_id, created_at, updated_at) values (151, 65, 167, '2011-11-24', '2017-05-16');
insert into Booking_flight (booking_flight_id, booking_id, flight_id, created_at, updated_at) values (152, 140, 25, '2007-09-27', '2013-03-19');
insert into Booking_flight (booking_flight_id, booking_id, flight_id, created_at, updated_at) values (153, 104, 113, '2007-04-07', '2012-09-27');
insert into Booking_flight (booking_flight_id, booking_id, flight_id, created_at, updated_at) values (154, 53, 11, '2006-07-31', '2012-01-21');
insert into Booking_flight (booking_flight_id, booking_id, flight_id, created_at, updated_at) values (155, 47, 77, '1986-09-26', '1992-03-18');
insert into Booking_flight (booking_flight_id, booking_id, flight_id, created_at, updated_at) values (156, 106, 69, '1969-02-08', '1974-08-01');
insert into Booking_flight (booking_flight_id, booking_id, flight_id, created_at, updated_at) values (157, 139, 84, '2015-02-15', '2020-08-07');
insert into Booking_flight (booking_flight_id, booking_id, flight_id, created_at, updated_at) values (158, 143, 19, '1955-07-13', '1961-01-02');
insert into Booking_flight (booking_flight_id, booking_id, flight_id, created_at, updated_at) values (159, 62, 152, '2011-02-06', '2016-07-29');
insert into Booking_flight (booking_flight_id, booking_id, flight_id, created_at, updated_at) values (160, 54, 71, '2004-09-06', '2010-02-27');
insert into Booking_flight (booking_flight_id, booking_id, flight_id, created_at, updated_at) values (161, 128, 157, '1957-07-10', '1962-12-31');
insert into Booking_flight (booking_flight_id, booking_id, flight_id, created_at, updated_at) values (162, 36, 148, '1955-08-18', '1961-02-07');
insert into Booking_flight (booking_flight_id, booking_id, flight_id, created_at, updated_at) values (163, 20, 90, '1972-04-11', '1977-10-02');
insert into Booking_flight (booking_flight_id, booking_id, flight_id, created_at, updated_at) values (164, 97, 132, '1980-12-24', '1986-06-16');
insert into Booking_flight (booking_flight_id, booking_id, flight_id, created_at, updated_at) values (165, 3, 59, '1995-06-06', '2000-11-26');
insert into Booking_flight (booking_flight_id, booking_id, flight_id, created_at, updated_at) values (166, 34, 185, '1973-05-30', '1978-11-20');
insert into Booking_flight (booking_flight_id, booking_id, flight_id, created_at, updated_at) values (167, 84, 140, '1957-03-05', '1962-08-26');
insert into Booking_flight (booking_flight_id, booking_id, flight_id, created_at, updated_at) values (168, 139, 23, '1971-09-18', '1977-03-10');
insert into Booking_flight (booking_flight_id, booking_id, flight_id, created_at, updated_at) values (169, 117, 39, '2007-09-28', '2013-03-20');
insert into Booking_flight (booking_flight_id, booking_id, flight_id, created_at, updated_at) values (170, 169, 40, '2015-03-26', '2020-09-15');
insert into Booking_flight (booking_flight_id, booking_id, flight_id, created_at, updated_at) values (171, 42, 151, '1980-07-07', '1985-12-28');
insert into Booking_flight (booking_flight_id, booking_id, flight_id, created_at, updated_at) values (172, 74, 79, '1991-02-04', '1996-07-27');
insert into Booking_flight (booking_flight_id, booking_id, flight_id, created_at, updated_at) values (173, 108, 45, '1959-05-23', '1964-11-12');
insert into Booking_flight (booking_flight_id, booking_id, flight_id, created_at, updated_at) values (174, 154, 47, '1954-06-11', '1959-12-02');
insert into Booking_flight (booking_flight_id, booking_id, flight_id, created_at, updated_at) values (175, 20, 72, '2019-01-03', '2024-06-25');
insert into Booking_flight (booking_flight_id, booking_id, flight_id, created_at, updated_at) values (176, 182, 118, '1973-09-19', '1979-03-12');
insert into Booking_flight (booking_flight_id, booking_id, flight_id, created_at, updated_at) values (177, 17, 31, '2019-08-23', '2025-02-12');
insert into Booking_flight (booking_flight_id, booking_id, flight_id, created_at, updated_at) values (178, 144, 146, '1980-04-14', '1985-10-05');
insert into Booking_flight (booking_flight_id, booking_id, flight_id, created_at, updated_at) values (179, 167, 69, '2016-02-02', '2021-07-25');
insert into Booking_flight (booking_flight_id, booking_id, flight_id, created_at, updated_at) values (180, 196, 22, '1988-06-03', '1993-11-24');
insert into Booking_flight (booking_flight_id, booking_id, flight_id, created_at, updated_at) values (181, 182, 36, '2013-11-04', '2019-04-27');
insert into Booking_flight (booking_flight_id, booking_id, flight_id, created_at, updated_at) values (182, 76, 65, '1959-03-13', '1964-09-02');
insert into Booking_flight (booking_flight_id, booking_id, flight_id, created_at, updated_at) values (183, 175, 137, '1957-07-25', '1963-01-15');
insert into Booking_flight (booking_flight_id, booking_id, flight_id, created_at, updated_at) values (184, 74, 47, '1967-12-06', '1973-05-28');
insert into Booking_flight (booking_flight_id, booking_id, flight_id, created_at, updated_at) values (185, 23, 119, '1982-02-11', '1987-08-04');
insert into Booking_flight (booking_flight_id, booking_id, flight_id, created_at, updated_at) values (186, 58, 46, '1968-11-08', '1974-05-01');
insert into Booking_flight (booking_flight_id, booking_id, flight_id, created_at, updated_at) values (187, 127, 31, '2018-09-28', '2024-03-20');
insert into Booking_flight (booking_flight_id, booking_id, flight_id, created_at, updated_at) values (188, 192, 41, '1966-06-03', '1971-11-24');
insert into Booking_flight (booking_flight_id, booking_id, flight_id, created_at, updated_at) values (189, 13, 170, '1961-06-23', '1966-12-14');
insert into Booking_flight (booking_flight_id, booking_id, flight_id, created_at, updated_at) values (190, 177, 9, '1991-02-02', '1996-07-25');
insert into Booking_flight (booking_flight_id, booking_id, flight_id, created_at, updated_at) values (191, 119, 17, '1969-07-17', '1975-01-07');
insert into Booking_flight (booking_flight_id, booking_id, flight_id, created_at, updated_at) values (192, 126, 47, '2004-12-10', '2010-06-02');
insert into Booking_flight (booking_flight_id, booking_id, flight_id, created_at, updated_at) values (193, 75, 165, '1969-12-20', '1975-06-12');
insert into Booking_flight (booking_flight_id, booking_id, flight_id, created_at, updated_at) values (194, 182, 7, '2018-06-26', '2023-12-17');
insert into Booking_flight (booking_flight_id, booking_id, flight_id, created_at, updated_at) values (195, 181, 91, '2018-02-17', '2023-08-10');
insert into Booking_flight (booking_flight_id, booking_id, flight_id, created_at, updated_at) values (196, 45, 40, '1953-10-16', '1959-04-08');
insert into Booking_flight (booking_flight_id, booking_id, flight_id, created_at, updated_at) values (197, 180, 116, '1958-01-19', '1963-07-12');
insert into Booking_flight (booking_flight_id, booking_id, flight_id, created_at, updated_at) values (198, 106, 35, '2013-02-23', '2018-08-16');
insert into Booking_flight (booking_flight_id, booking_id, flight_id, created_at, updated_at) values (199, 69, 127, '2012-09-28', '2018-03-21');
insert into Booking_flight (booking_flight_id, booking_id, flight_id, created_at, updated_at) values (200, 7, 185, '2013-11-17', '2019-05-10');

insert into Boarding_pass (boarding_pass_id, booking_id, seat, boarding_time, created_at, updated_at) values (1, 132, '21B', '2025-02-09', '2023-12-27', '2024-03-19');
insert into Boarding_pass (boarding_pass_id, booking_id, seat, boarding_time, created_at, updated_at) values (2, 57, '30D', '2025-01-22', '2022-11-26', '2023-02-17');
insert into Boarding_pass (boarding_pass_id, booking_id, seat, boarding_time, created_at, updated_at) values (3, 52, '18D', '2025-05-28', '2023-01-07', '2023-03-31');
insert into Boarding_pass (boarding_pass_id, booking_id, seat, boarding_time, created_at, updated_at) values (4, 80, '4E', '2025-01-07', '2024-03-08', '2024-05-30');
insert into Boarding_pass (boarding_pass_id, booking_id, seat, boarding_time, created_at, updated_at) values (5, 109, '30B', '2025-01-02', '2022-10-24', '2023-01-16');
insert into Boarding_pass (boarding_pass_id, booking_id, seat, boarding_time, created_at, updated_at) values (6, 31, '11C', '2025-06-16', '2023-11-02', '2024-01-24');
insert into Boarding_pass (boarding_pass_id, booking_id, seat, boarding_time, created_at, updated_at) values (7, 157, '17F', '2025-03-12', '2023-03-03', '2023-05-26');
insert into Boarding_pass (boarding_pass_id, booking_id, seat, boarding_time, created_at, updated_at) values (8, 9, '5E', '2024-10-18', '2024-02-06', '2024-04-29');
insert into Boarding_pass (boarding_pass_id, booking_id, seat, boarding_time, created_at, updated_at) values (9, 69, '30F', '2025-06-16', '2024-03-03', '2024-05-26');
insert into Boarding_pass (boarding_pass_id, booking_id, seat, boarding_time, created_at, updated_at) values (10, 96, '30C', '2025-06-26', '2024-02-19', '2024-05-12');
insert into Boarding_pass (boarding_pass_id, booking_id, seat, boarding_time, created_at, updated_at) values (11, 40, '26A', '2025-02-09', '2022-12-15', '2023-03-08');
insert into Boarding_pass (boarding_pass_id, booking_id, seat, boarding_time, created_at, updated_at) values (12, 64, '02C', '2025-09-19', '2023-08-12', '2023-11-03');
insert into Boarding_pass (boarding_pass_id, booking_id, seat, boarding_time, created_at, updated_at) values (13, 51, '05E', '2025-05-17', '2023-04-12', '2023-07-04');
insert into Boarding_pass (boarding_pass_id, booking_id, seat, boarding_time, created_at, updated_at) values (14, 74, '08E', '2025-05-17', '2023-01-08', '2023-04-01');
insert into Boarding_pass (boarding_pass_id, booking_id, seat, boarding_time, created_at, updated_at) values (15, 50, '4C', '2025-04-29', '2023-04-27', '2023-07-19');
insert into Boarding_pass (boarding_pass_id, booking_id, seat, boarding_time, created_at, updated_at) values (16, 106, '23A', '2025-01-17', '2024-03-23', '2024-06-14');
insert into Boarding_pass (boarding_pass_id, booking_id, seat, boarding_time, created_at, updated_at) values (17, 147, '19C', '2025-06-09', '2024-02-05', '2024-04-29');
insert into Boarding_pass (boarding_pass_id, booking_id, seat, boarding_time, created_at, updated_at) values (18, 47, '30C', '2025-02-02', '2023-11-24', '2024-02-15');
insert into Boarding_pass (boarding_pass_id, booking_id, seat, boarding_time, created_at, updated_at) values (19, 169, '17D', '2025-06-29', '2023-11-13', '2024-02-05');
insert into Boarding_pass (boarding_pass_id, booking_id, seat, boarding_time, created_at, updated_at) values (20, 166, '14C', '2025-06-02', '2023-05-02', '2023-07-25');
insert into Boarding_pass (boarding_pass_id, booking_id, seat, boarding_time, created_at, updated_at) values (21, 97, '16D', '2025-08-11', '2023-06-04', '2023-08-27');
insert into Boarding_pass (boarding_pass_id, booking_id, seat, boarding_time, created_at, updated_at) values (22, 3, '06B', '2024-12-18', '2022-12-06', '2023-02-28');
insert into Boarding_pass (boarding_pass_id, booking_id, seat, boarding_time, created_at, updated_at) values (23, 138, '12D', '2025-01-25', '2024-07-10', '2024-10-01');
insert into Boarding_pass (boarding_pass_id, booking_id, seat, boarding_time, created_at, updated_at) values (24, 85, '11E', '2025-03-19', '2023-07-10', '2023-10-01');
insert into Boarding_pass (boarding_pass_id, booking_id, seat, boarding_time, created_at, updated_at) values (25, 89, '1F', '2024-11-23', '2023-12-28', '2024-03-21');
insert into Boarding_pass (boarding_pass_id, booking_id, seat, boarding_time, created_at, updated_at) values (26, 145, '24E', '2025-08-06', '2023-07-31', '2023-10-23');
insert into Boarding_pass (boarding_pass_id, booking_id, seat, boarding_time, created_at, updated_at) values (27, 125, '30E', '2024-12-02', '2023-09-18', '2023-12-10');
insert into Boarding_pass (boarding_pass_id, booking_id, seat, boarding_time, created_at, updated_at) values (28, 132, '09D', '2025-08-19', '2023-03-11', '2023-06-02');
insert into Boarding_pass (boarding_pass_id, booking_id, seat, boarding_time, created_at, updated_at) values (29, 162, '30F', '2025-04-29', '2023-01-19', '2023-04-12');
insert into Boarding_pass (boarding_pass_id, booking_id, seat, boarding_time, created_at, updated_at) values (30, 182, '08F', '2024-10-15', '2022-10-20', '2023-01-12');
insert into Boarding_pass (boarding_pass_id, booking_id, seat, boarding_time, created_at, updated_at) values (31, 50, '01C', '2025-01-28', '2022-11-25', '2023-02-17');
insert into Boarding_pass (boarding_pass_id, booking_id, seat, boarding_time, created_at, updated_at) values (32, 31, '13B', '2025-07-18', '2024-03-17', '2024-06-08');
insert into Boarding_pass (boarding_pass_id, booking_id, seat, boarding_time, created_at, updated_at) values (33, 110, '8A', '2025-04-09', '2023-08-24', '2023-11-15');
insert into Boarding_pass (boarding_pass_id, booking_id, seat, boarding_time, created_at, updated_at) values (34, 6, '24E', '2025-05-30', '2023-12-10', '2024-03-03');
insert into Boarding_pass (boarding_pass_id, booking_id, seat, boarding_time, created_at, updated_at) values (35, 166, '30B', '2024-11-27', '2024-05-06', '2024-07-29');
insert into Boarding_pass (boarding_pass_id, booking_id, seat, boarding_time, created_at, updated_at) values (36, 68, '05B', '2025-08-18', '2024-04-27', '2024-07-19');
insert into Boarding_pass (boarding_pass_id, booking_id, seat, boarding_time, created_at, updated_at) values (37, 61, '8E', '2025-08-28', '2022-11-04', '2023-01-26');
insert into Boarding_pass (boarding_pass_id, booking_id, seat, boarding_time, created_at, updated_at) values (38, 11, '30F', '2024-09-26', '2022-10-24', '2023-01-15');
insert into Boarding_pass (boarding_pass_id, booking_id, seat, boarding_time, created_at, updated_at) values (39, 13, '30A', '2025-08-30', '2023-08-04', '2023-10-26');
insert into Boarding_pass (boarding_pass_id, booking_id, seat, boarding_time, created_at, updated_at) values (40, 140, '30E', '2025-01-11', '2023-04-28', '2023-07-20');
insert into Boarding_pass (boarding_pass_id, booking_id, seat, boarding_time, created_at, updated_at) values (41, 77, '25B', '2024-09-24', '2024-06-17', '2024-09-08');
insert into Boarding_pass (boarding_pass_id, booking_id, seat, boarding_time, created_at, updated_at) values (42, 82, '30B', '2024-10-29', '2023-09-04', '2023-11-26');
insert into Boarding_pass (boarding_pass_id, booking_id, seat, boarding_time, created_at, updated_at) values (43, 188, '30E', '2025-07-30', '2023-04-20', '2023-07-13');
insert into Boarding_pass (boarding_pass_id, booking_id, seat, boarding_time, created_at, updated_at) values (44, 149, '29A', '2024-12-15', '2023-01-08', '2023-04-01');
insert into Boarding_pass (boarding_pass_id, booking_id, seat, boarding_time, created_at, updated_at) values (45, 104, '03A', '2024-12-26', '2022-12-01', '2023-02-22');
insert into Boarding_pass (boarding_pass_id, booking_id, seat, boarding_time, created_at, updated_at) values (46, 116, '19B', '2025-07-06', '2023-05-09', '2023-07-31');
insert into Boarding_pass (boarding_pass_id, booking_id, seat, boarding_time, created_at, updated_at) values (47, 196, '4A', '2024-10-28', '2024-04-06', '2024-06-28');
insert into Boarding_pass (boarding_pass_id, booking_id, seat, boarding_time, created_at, updated_at) values (48, 83, '14B', '2024-10-12', '2023-02-13', '2023-05-07');
insert into Boarding_pass (boarding_pass_id, booking_id, seat, boarding_time, created_at, updated_at) values (49, 190, '27D', '2024-12-20', '2023-09-09', '2023-12-02');
insert into Boarding_pass (boarding_pass_id, booking_id, seat, boarding_time, created_at, updated_at) values (50, 55, '30C', '2024-10-30', '2023-05-14', '2023-08-05');
insert into Boarding_pass (boarding_pass_id, booking_id, seat, boarding_time, created_at, updated_at) values (51, 179, '14C', '2025-08-29', '2023-06-20', '2023-09-11');
insert into Boarding_pass (boarding_pass_id, booking_id, seat, boarding_time, created_at, updated_at) values (52, 97, '30A', '2024-10-09', '2023-09-09', '2023-12-01');
insert into Boarding_pass (boarding_pass_id, booking_id, seat, boarding_time, created_at, updated_at) values (53, 175, '09E', '2025-05-08', '2023-01-24', '2023-04-17');
insert into Boarding_pass (boarding_pass_id, booking_id, seat, boarding_time, created_at, updated_at) values (54, 95, '07F', '2025-07-05', '2024-07-14', '2024-10-05');
insert into Boarding_pass (boarding_pass_id, booking_id, seat, boarding_time, created_at, updated_at) values (55, 44, '30D', '2024-12-18', '2024-04-14', '2024-07-06');
insert into Boarding_pass (boarding_pass_id, booking_id, seat, boarding_time, created_at, updated_at) values (56, 190, '7A', '2024-12-06', '2024-01-20', '2024-04-13');
insert into Boarding_pass (boarding_pass_id, booking_id, seat, boarding_time, created_at, updated_at) values (57, 41, '6F', '2025-06-27', '2023-12-01', '2024-02-22');
insert into Boarding_pass (boarding_pass_id, booking_id, seat, boarding_time, created_at, updated_at) values (58, 171, '30D', '2025-04-07', '2023-04-10', '2023-07-03');
insert into Boarding_pass (boarding_pass_id, booking_id, seat, boarding_time, created_at, updated_at) values (59, 150, '10F', '2025-02-22', '2023-09-25', '2023-12-17');
insert into Boarding_pass (boarding_pass_id, booking_id, seat, boarding_time, created_at, updated_at) values (60, 65, '5F', '2025-05-27', '2024-03-25', '2024-06-17');
insert into Boarding_pass (boarding_pass_id, booking_id, seat, boarding_time, created_at, updated_at) values (61, 196, '14B', '2024-12-24', '2023-10-19', '2024-01-11');
insert into Boarding_pass (boarding_pass_id, booking_id, seat, boarding_time, created_at, updated_at) values (62, 164, '30A', '2025-04-06', '2024-08-12', '2024-11-04');
insert into Boarding_pass (boarding_pass_id, booking_id, seat, boarding_time, created_at, updated_at) values (63, 138, '19E', '2025-04-23', '2024-08-06', '2024-10-28');
insert into Boarding_pass (boarding_pass_id, booking_id, seat, boarding_time, created_at, updated_at) values (64, 12, '30C', '2024-10-22', '2023-06-19', '2023-09-10');
insert into Boarding_pass (boarding_pass_id, booking_id, seat, boarding_time, created_at, updated_at) values (65, 151, '30B', '2025-02-09', '2023-08-30', '2023-11-21');
insert into Boarding_pass (boarding_pass_id, booking_id, seat, boarding_time, created_at, updated_at) values (66, 10, '7E', '2025-09-16', '2024-01-21', '2024-04-13');
insert into Boarding_pass (boarding_pass_id, booking_id, seat, boarding_time, created_at, updated_at) values (67, 35, '04C', '2025-06-29', '2024-09-04', '2024-11-26');
insert into Boarding_pass (boarding_pass_id, booking_id, seat, boarding_time, created_at, updated_at) values (68, 25, '30D', '2025-03-03', '2023-03-11', '2023-06-02');
insert into Boarding_pass (boarding_pass_id, booking_id, seat, boarding_time, created_at, updated_at) values (69, 16, '30F', '2024-10-17', '2022-12-09', '2023-03-03');
insert into Boarding_pass (boarding_pass_id, booking_id, seat, boarding_time, created_at, updated_at) values (70, 177, '6C', '2025-05-31', '2023-02-28', '2023-05-23');
insert into Boarding_pass (boarding_pass_id, booking_id, seat, boarding_time, created_at, updated_at) values (71, 152, '30D', '2025-06-29', '2024-08-08', '2024-10-30');
insert into Boarding_pass (boarding_pass_id, booking_id, seat, boarding_time, created_at, updated_at) values (72, 34, '30C', '2025-05-29', '2024-04-14', '2024-07-06');
insert into Boarding_pass (boarding_pass_id, booking_id, seat, boarding_time, created_at, updated_at) values (73, 151, '30D', '2025-08-06', '2023-10-16', '2024-01-08');
insert into Boarding_pass (boarding_pass_id, booking_id, seat, boarding_time, created_at, updated_at) values (74, 107, '17D', '2024-12-08', '2022-10-03', '2022-12-25');
insert into Boarding_pass (boarding_pass_id, booking_id, seat, boarding_time, created_at, updated_at) values (75, 79, '09C', '2025-07-26', '2022-12-11', '2023-03-05');
insert into Boarding_pass (boarding_pass_id, booking_id, seat, boarding_time, created_at, updated_at) values (76, 188, '30C', '2025-09-21', '2024-07-29', '2024-10-20');
insert into Boarding_pass (boarding_pass_id, booking_id, seat, boarding_time, created_at, updated_at) values (77, 12, '26D', '2025-05-25', '2023-12-13', '2024-03-05');
insert into Boarding_pass (boarding_pass_id, booking_id, seat, boarding_time, created_at, updated_at) values (78, 91, '30B', '2025-08-07', '2024-07-21', '2024-10-12');
insert into Boarding_pass (boarding_pass_id, booking_id, seat, boarding_time, created_at, updated_at) values (79, 137, '30A', '2024-12-13', '2023-04-06', '2023-06-28');
insert into Boarding_pass (boarding_pass_id, booking_id, seat, boarding_time, created_at, updated_at) values (80, 139, '3A', '2024-10-11', '2023-12-22', '2024-03-14');
insert into Boarding_pass (boarding_pass_id, booking_id, seat, boarding_time, created_at, updated_at) values (81, 25, '30E', '2025-01-23', '2024-04-27', '2024-07-20');
insert into Boarding_pass (boarding_pass_id, booking_id, seat, boarding_time, created_at, updated_at) values (82, 92, '7F', '2025-03-08', '2023-11-01', '2024-01-23');
insert into Boarding_pass (boarding_pass_id, booking_id, seat, boarding_time, created_at, updated_at) values (83, 52, '08B', '2025-07-05', '2023-10-15', '2024-01-07');
insert into Boarding_pass (boarding_pass_id, booking_id, seat, boarding_time, created_at, updated_at) values (84, 145, '08B', '2025-07-07', '2023-03-15', '2023-06-06');
insert into Boarding_pass (boarding_pass_id, booking_id, seat, boarding_time, created_at, updated_at) values (85, 57, '30E', '2024-10-17', '2023-08-19', '2023-11-10');
insert into Boarding_pass (boarding_pass_id, booking_id, seat, boarding_time, created_at, updated_at) values (86, 52, '28D', '2025-05-14', '2023-05-16', '2023-08-08');
insert into Boarding_pass (boarding_pass_id, booking_id, seat, boarding_time, created_at, updated_at) values (87, 191, '03E', '2025-09-13', '2023-02-13', '2023-05-08');
insert into Boarding_pass (boarding_pass_id, booking_id, seat, boarding_time, created_at, updated_at) values (88, 160, '22A', '2025-04-26', '2022-12-10', '2023-03-03');
insert into Boarding_pass (boarding_pass_id, booking_id, seat, boarding_time, created_at, updated_at) values (89, 176, '27A', '2025-01-24', '2024-06-25', '2024-09-16');
insert into Boarding_pass (boarding_pass_id, booking_id, seat, boarding_time, created_at, updated_at) values (90, 51, '30D', '2024-10-24', '2022-11-11', '2023-02-03');
insert into Boarding_pass (boarding_pass_id, booking_id, seat, boarding_time, created_at, updated_at) values (91, 112, '30D', '2025-09-13', '2024-04-04', '2024-06-27');
insert into Boarding_pass (boarding_pass_id, booking_id, seat, boarding_time, created_at, updated_at) values (92, 39, '29E', '2024-11-23', '2022-10-09', '2022-12-31');
insert into Boarding_pass (boarding_pass_id, booking_id, seat, boarding_time, created_at, updated_at) values (93, 187, '21E', '2025-09-15', '2022-12-15', '2023-03-08');
insert into Boarding_pass (boarding_pass_id, booking_id, seat, boarding_time, created_at, updated_at) values (94, 192, '03F', '2025-07-23', '2023-06-08', '2023-08-30');
insert into Boarding_pass (boarding_pass_id, booking_id, seat, boarding_time, created_at, updated_at) values (95, 189, '30A', '2025-05-26', '2024-05-27', '2024-08-18');
insert into Boarding_pass (boarding_pass_id, booking_id, seat, boarding_time, created_at, updated_at) values (96, 57, '1A', '2025-03-23', '2023-07-23', '2023-10-14');
insert into Boarding_pass (boarding_pass_id, booking_id, seat, boarding_time, created_at, updated_at) values (97, 108, '9D', '2025-03-11', '2024-03-14', '2024-06-05');
insert into Boarding_pass (boarding_pass_id, booking_id, seat, boarding_time, created_at, updated_at) values (98, 16, '16E', '2024-11-24', '2023-02-03', '2023-04-27');
insert into Boarding_pass (boarding_pass_id, booking_id, seat, boarding_time, created_at, updated_at) values (99, 200, '22A', '2024-09-26', '2023-11-05', '2024-01-28');
insert into Boarding_pass (boarding_pass_id, booking_id, seat, boarding_time, created_at, updated_at) values (100, 60, '28F', '2025-07-20', '2024-06-24', '2024-09-16');
insert into Boarding_pass (boarding_pass_id, booking_id, seat, boarding_time, created_at, updated_at) values (101, 11, '28B', '2025-01-16', '2024-06-24', '2024-09-15');
insert into Boarding_pass (boarding_pass_id, booking_id, seat, boarding_time, created_at, updated_at) values (102, 148, '06F', '2024-11-17', '2023-02-08', '2023-05-03');
insert into Boarding_pass (boarding_pass_id, booking_id, seat, boarding_time, created_at, updated_at) values (103, 171, '21B', '2025-05-14', '2023-11-04', '2024-01-26');
insert into Boarding_pass (boarding_pass_id, booking_id, seat, boarding_time, created_at, updated_at) values (104, 126, '21D', '2025-05-19', '2024-05-10', '2024-08-02');
insert into Boarding_pass (boarding_pass_id, booking_id, seat, boarding_time, created_at, updated_at) values (105, 129, '30A', '2025-05-26', '2024-01-23', '2024-04-15');
insert into Boarding_pass (boarding_pass_id, booking_id, seat, boarding_time, created_at, updated_at) values (106, 19, '30F', '2025-09-17', '2023-11-10', '2024-02-01');
insert into Boarding_pass (boarding_pass_id, booking_id, seat, boarding_time, created_at, updated_at) values (107, 175, '30F', '2024-09-27', '2023-02-23', '2023-05-17');
insert into Boarding_pass (boarding_pass_id, booking_id, seat, boarding_time, created_at, updated_at) values (108, 55, '14D', '2025-06-26', '2023-02-02', '2023-04-26');
insert into Boarding_pass (boarding_pass_id, booking_id, seat, boarding_time, created_at, updated_at) values (109, 117, '04C', '2025-01-29', '2023-12-25', '2024-03-17');
insert into Boarding_pass (boarding_pass_id, booking_id, seat, boarding_time, created_at, updated_at) values (110, 95, '8C', '2025-05-03', '2023-06-03', '2023-08-25');
insert into Boarding_pass (boarding_pass_id, booking_id, seat, boarding_time, created_at, updated_at) values (111, 145, '7C', '2024-11-04', '2023-11-15', '2024-02-06');
insert into Boarding_pass (boarding_pass_id, booking_id, seat, boarding_time, created_at, updated_at) values (112, 54, '02F', '2025-03-04', '2023-07-27', '2023-10-18');
insert into Boarding_pass (boarding_pass_id, booking_id, seat, boarding_time, created_at, updated_at) values (113, 194, '30A', '2025-05-16', '2023-07-03', '2023-09-25');
insert into Boarding_pass (boarding_pass_id, booking_id, seat, boarding_time, created_at, updated_at) values (114, 155, '30D', '2025-04-07', '2023-04-24', '2023-07-17');
insert into Boarding_pass (boarding_pass_id, booking_id, seat, boarding_time, created_at, updated_at) values (115, 156, '15F', '2025-01-21', '2023-05-22', '2023-08-13');
insert into Boarding_pass (boarding_pass_id, booking_id, seat, boarding_time, created_at, updated_at) values (116, 169, '9E', '2025-09-08', '2023-05-26', '2023-08-17');
insert into Boarding_pass (boarding_pass_id, booking_id, seat, boarding_time, created_at, updated_at) values (117, 59, '15D', '2025-06-02', '2023-10-04', '2023-12-27');
insert into Boarding_pass (boarding_pass_id, booking_id, seat, boarding_time, created_at, updated_at) values (118, 179, '30A', '2025-01-01', '2024-08-01', '2024-10-23');
insert into Boarding_pass (boarding_pass_id, booking_id, seat, boarding_time, created_at, updated_at) values (119, 90, '5C', '2024-10-26', '2023-11-07', '2024-01-30');
insert into Boarding_pass (boarding_pass_id, booking_id, seat, boarding_time, created_at, updated_at) values (120, 4, '3F', '2024-10-14', '2024-08-06', '2024-10-28');
insert into Boarding_pass (boarding_pass_id, booking_id, seat, boarding_time, created_at, updated_at) values (121, 175, '30A', '2024-10-06', '2024-09-21', '2024-12-13');
insert into Boarding_pass (boarding_pass_id, booking_id, seat, boarding_time, created_at, updated_at) values (122, 122, '30A', '2025-05-29', '2023-09-01', '2023-11-24');
insert into Boarding_pass (boarding_pass_id, booking_id, seat, boarding_time, created_at, updated_at) values (123, 186, '2C', '2025-04-11', '2023-10-03', '2023-12-26');
insert into Boarding_pass (boarding_pass_id, booking_id, seat, boarding_time, created_at, updated_at) values (124, 77, '02F', '2025-02-26', '2023-11-11', '2024-02-02');
insert into Boarding_pass (boarding_pass_id, booking_id, seat, boarding_time, created_at, updated_at) values (125, 65, '11E', '2024-11-02', '2024-09-15', '2024-12-08');
insert into Boarding_pass (boarding_pass_id, booking_id, seat, boarding_time, created_at, updated_at) values (126, 38, '17F', '2025-05-20', '2023-12-16', '2024-03-08');
insert into Boarding_pass (boarding_pass_id, booking_id, seat, boarding_time, created_at, updated_at) values (127, 121, '1C', '2024-12-19', '2023-11-06', '2024-01-28');
insert into Boarding_pass (boarding_pass_id, booking_id, seat, boarding_time, created_at, updated_at) values (128, 11, '30E', '2025-08-22', '2023-04-25', '2023-07-17');
insert into Boarding_pass (boarding_pass_id, booking_id, seat, boarding_time, created_at, updated_at) values (129, 68, '30F', '2024-12-28', '2023-01-21', '2023-04-15');
insert into Boarding_pass (boarding_pass_id, booking_id, seat, boarding_time, created_at, updated_at) values (130, 162, '24E', '2025-05-23', '2023-03-24', '2023-06-15');
insert into Boarding_pass (boarding_pass_id, booking_id, seat, boarding_time, created_at, updated_at) values (131, 98, '30D', '2025-08-21', '2024-08-26', '2024-11-18');
insert into Boarding_pass (boarding_pass_id, booking_id, seat, boarding_time, created_at, updated_at) values (132, 38, '30B', '2024-12-13', '2024-05-23', '2024-08-15');
insert into Boarding_pass (boarding_pass_id, booking_id, seat, boarding_time, created_at, updated_at) values (133, 51, '21E', '2025-03-28', '2022-10-29', '2023-01-20');
insert into Boarding_pass (boarding_pass_id, booking_id, seat, boarding_time, created_at, updated_at) values (134, 14, '30C', '2025-02-19', '2023-03-17', '2023-06-09');
insert into Boarding_pass (boarding_pass_id, booking_id, seat, boarding_time, created_at, updated_at) values (135, 16, '30C', '2024-12-20', '2024-07-24', '2024-10-15');
insert into Boarding_pass (boarding_pass_id, booking_id, seat, boarding_time, created_at, updated_at) values (136, 197, '08B', '2025-06-28', '2023-07-08', '2023-09-30');
insert into Boarding_pass (boarding_pass_id, booking_id, seat, boarding_time, created_at, updated_at) values (137, 12, '30D', '2025-01-21', '2022-12-20', '2023-03-14');
insert into Boarding_pass (boarding_pass_id, booking_id, seat, boarding_time, created_at, updated_at) values (138, 119, '17C', '2025-08-23', '2024-09-17', '2024-12-09');
insert into Boarding_pass (boarding_pass_id, booking_id, seat, boarding_time, created_at, updated_at) values (139, 128, '29A', '2025-05-21', '2023-12-08', '2024-03-01');
insert into Boarding_pass (boarding_pass_id, booking_id, seat, boarding_time, created_at, updated_at) values (140, 147, '20C', '2025-03-24', '2024-01-07', '2024-03-31');
insert into Boarding_pass (boarding_pass_id, booking_id, seat, boarding_time, created_at, updated_at) values (141, 88, '18C', '2025-05-19', '2024-04-21', '2024-07-13');
insert into Boarding_pass (boarding_pass_id, booking_id, seat, boarding_time, created_at, updated_at) values (142, 55, '30D', '2025-02-10', '2024-06-11', '2024-09-02');
insert into Boarding_pass (boarding_pass_id, booking_id, seat, boarding_time, created_at, updated_at) values (143, 117, '19D', '2025-06-03', '2024-04-09', '2024-07-01');
insert into Boarding_pass (boarding_pass_id, booking_id, seat, boarding_time, created_at, updated_at) values (144, 78, '24F', '2025-08-31', '2023-03-03', '2023-05-26');
insert into Boarding_pass (boarding_pass_id, booking_id, seat, boarding_time, created_at, updated_at) values (145, 55, '29E', '2025-03-10', '2024-07-14', '2024-10-06');
insert into Boarding_pass (boarding_pass_id, booking_id, seat, boarding_time, created_at, updated_at) values (146, 176, '9B', '2025-08-02', '2024-04-04', '2024-06-26');
insert into Boarding_pass (boarding_pass_id, booking_id, seat, boarding_time, created_at, updated_at) values (147, 101, '23E', '2025-02-21', '2023-09-07', '2023-11-30');
insert into Boarding_pass (boarding_pass_id, booking_id, seat, boarding_time, created_at, updated_at) values (148, 183, '30C', '2025-01-23', '2023-12-05', '2024-02-26');
insert into Boarding_pass (boarding_pass_id, booking_id, seat, boarding_time, created_at, updated_at) values (149, 186, '28A', '2025-01-09', '2023-05-01', '2023-07-23');
insert into Boarding_pass (boarding_pass_id, booking_id, seat, boarding_time, created_at, updated_at) values (150, 54, '14B', '2025-02-02', '2023-04-05', '2023-06-27');
insert into Boarding_pass (boarding_pass_id, booking_id, seat, boarding_time, created_at, updated_at) values (151, 129, '20D', '2025-01-08', '2023-12-20', '2024-03-13');
insert into Boarding_pass (boarding_pass_id, booking_id, seat, boarding_time, created_at, updated_at) values (152, 44, '19E', '2025-06-05', '2023-10-31', '2024-01-22');
insert into Boarding_pass (boarding_pass_id, booking_id, seat, boarding_time, created_at, updated_at) values (153, 47, '8F', '2025-02-10', '2022-10-05', '2022-12-27');
insert into Boarding_pass (boarding_pass_id, booking_id, seat, boarding_time, created_at, updated_at) values (154, 37, '28A', '2025-06-07', '2023-03-06', '2023-05-29');
insert into Boarding_pass (boarding_pass_id, booking_id, seat, boarding_time, created_at, updated_at) values (155, 191, '30F', '2025-06-02', '2023-06-23', '2023-09-14');
insert into Boarding_pass (boarding_pass_id, booking_id, seat, boarding_time, created_at, updated_at) values (156, 33, '23D', '2025-01-10', '2023-02-14', '2023-05-08');
insert into Boarding_pass (boarding_pass_id, booking_id, seat, boarding_time, created_at, updated_at) values (157, 50, '16F', '2025-09-02', '2024-08-16', '2024-11-08');
insert into Boarding_pass (boarding_pass_id, booking_id, seat, boarding_time, created_at, updated_at) values (158, 70, '30B', '2025-05-10', '2024-06-21', '2024-09-12');
insert into Boarding_pass (boarding_pass_id, booking_id, seat, boarding_time, created_at, updated_at) values (159, 118, '30C', '2025-07-07', '2023-08-02', '2023-10-24');
insert into Boarding_pass (boarding_pass_id, booking_id, seat, boarding_time, created_at, updated_at) values (160, 34, '30D', '2025-05-16', '2023-06-18', '2023-09-09');
insert into Boarding_pass (boarding_pass_id, booking_id, seat, boarding_time, created_at, updated_at) values (161, 166, '30E', '2025-08-18', '2024-02-15', '2024-05-08');
insert into Boarding_pass (boarding_pass_id, booking_id, seat, boarding_time, created_at, updated_at) values (162, 17, '5B', '2025-02-03', '2023-09-21', '2023-12-14');
insert into Boarding_pass (boarding_pass_id, booking_id, seat, boarding_time, created_at, updated_at) values (163, 181, '4A', '2025-07-22', '2022-12-13', '2023-03-06');
insert into Boarding_pass (boarding_pass_id, booking_id, seat, boarding_time, created_at, updated_at) values (164, 78, '9C', '2024-12-09', '2023-02-08', '2023-05-02');
insert into Boarding_pass (boarding_pass_id, booking_id, seat, boarding_time, created_at, updated_at) values (165, 99, '08C', '2024-12-05', '2023-12-03', '2024-02-25');
insert into Boarding_pass (boarding_pass_id, booking_id, seat, boarding_time, created_at, updated_at) values (166, 92, '06A', '2025-04-29', '2023-02-16', '2023-05-11');
insert into Boarding_pass (boarding_pass_id, booking_id, seat, boarding_time, created_at, updated_at) values (167, 52, '19E', '2024-12-02', '2024-07-14', '2024-10-05');
insert into Boarding_pass (boarding_pass_id, booking_id, seat, boarding_time, created_at, updated_at) values (168, 174, '30E', '2025-09-09', '2023-12-26', '2024-03-18');
insert into Boarding_pass (boarding_pass_id, booking_id, seat, boarding_time, created_at, updated_at) values (169, 153, '15B', '2024-12-28', '2024-04-28', '2024-07-21');
insert into Boarding_pass (boarding_pass_id, booking_id, seat, boarding_time, created_at, updated_at) values (170, 76, '28F', '2024-11-01', '2023-05-06', '2023-07-28');
insert into Boarding_pass (boarding_pass_id, booking_id, seat, boarding_time, created_at, updated_at) values (171, 185, '30A', '2025-04-02', '2024-05-19', '2024-08-11');
insert into Boarding_pass (boarding_pass_id, booking_id, seat, boarding_time, created_at, updated_at) values (172, 102, '25F', '2025-01-29', '2023-05-29', '2023-08-20');
insert into Boarding_pass (boarding_pass_id, booking_id, seat, boarding_time, created_at, updated_at) values (173, 150, '30C', '2025-05-28', '2023-06-10', '2023-09-02');
insert into Boarding_pass (boarding_pass_id, booking_id, seat, boarding_time, created_at, updated_at) values (174, 161, '30B', '2025-07-20', '2024-01-06', '2024-03-29');
insert into Boarding_pass (boarding_pass_id, booking_id, seat, boarding_time, created_at, updated_at) values (175, 187, '30F', '2025-02-07', '2023-02-07', '2023-05-02');
insert into Boarding_pass (boarding_pass_id, booking_id, seat, boarding_time, created_at, updated_at) values (176, 192, '06A', '2025-04-06', '2023-08-30', '2023-11-22');
insert into Boarding_pass (boarding_pass_id, booking_id, seat, boarding_time, created_at, updated_at) values (177, 59, '23E', '2025-09-11', '2024-01-25', '2024-04-17');
insert into Boarding_pass (boarding_pass_id, booking_id, seat, boarding_time, created_at, updated_at) values (178, 42, '08D', '2025-08-27', '2022-11-12', '2023-02-03');
insert into Boarding_pass (boarding_pass_id, booking_id, seat, boarding_time, created_at, updated_at) values (179, 51, '05D', '2025-03-14', '2024-04-25', '2024-07-17');
insert into Boarding_pass (boarding_pass_id, booking_id, seat, boarding_time, created_at, updated_at) values (180, 190, '30C', '2024-10-19', '2023-03-03', '2023-05-26');
insert into Boarding_pass (boarding_pass_id, booking_id, seat, boarding_time, created_at, updated_at) values (181, 180, '30A', '2025-06-16', '2023-10-22', '2024-01-13');
insert into Boarding_pass (boarding_pass_id, booking_id, seat, boarding_time, created_at, updated_at) values (182, 152, '13D', '2024-11-19', '2022-10-21', '2023-01-13');
insert into Boarding_pass (boarding_pass_id, booking_id, seat, boarding_time, created_at, updated_at) values (183, 71, '30C', '2025-07-22', '2022-12-03', '2023-02-24');
insert into Boarding_pass (boarding_pass_id, booking_id, seat, boarding_time, created_at, updated_at) values (184, 61, '29A', '2025-08-21', '2022-11-28', '2023-02-19');
insert into Boarding_pass (boarding_pass_id, booking_id, seat, boarding_time, created_at, updated_at) values (185, 188, '02C', '2025-02-20', '2023-03-22', '2023-06-14');
insert into Boarding_pass (boarding_pass_id, booking_id, seat, boarding_time, created_at, updated_at) values (186, 166, '18E', '2024-11-07', '2022-12-07', '2023-03-01');
insert into Boarding_pass (boarding_pass_id, booking_id, seat, boarding_time, created_at, updated_at) values (187, 11, '30A', '2025-07-26', '2022-11-24', '2023-02-15');
insert into Boarding_pass (boarding_pass_id, booking_id, seat, boarding_time, created_at, updated_at) values (188, 157, '25B', '2025-02-02', '2023-01-15', '2023-04-09');
insert into Boarding_pass (boarding_pass_id, booking_id, seat, boarding_time, created_at, updated_at) values (189, 80, '30D', '2025-03-11', '2024-01-20', '2024-04-12');
insert into Boarding_pass (boarding_pass_id, booking_id, seat, boarding_time, created_at, updated_at) values (190, 109, '1D', '2024-11-21', '2024-03-29', '2024-06-20');
insert into Boarding_pass (boarding_pass_id, booking_id, seat, boarding_time, created_at, updated_at) values (191, 130, '18D', '2024-12-13', '2023-03-05', '2023-05-27');
insert into Boarding_pass (boarding_pass_id, booking_id, seat, boarding_time, created_at, updated_at) values (192, 95, '25E', '2025-03-19', '2023-04-11', '2023-07-04');
insert into Boarding_pass (boarding_pass_id, booking_id, seat, boarding_time, created_at, updated_at) values (193, 156, '12E', '2025-03-21', '2023-06-13', '2023-09-04');
insert into Boarding_pass (boarding_pass_id, booking_id, seat, boarding_time, created_at, updated_at) values (194, 145, '27F', '2025-01-17', '2022-12-23', '2023-03-16');
insert into Boarding_pass (boarding_pass_id, booking_id, seat, boarding_time, created_at, updated_at) values (195, 174, '30F', '2024-12-09', '2023-04-18', '2023-07-10');
insert into Boarding_pass (boarding_pass_id, booking_id, seat, boarding_time, created_at, updated_at) values (196, 1, '22A', '2025-05-23', '2023-09-02', '2023-11-25');
insert into Boarding_pass (boarding_pass_id, booking_id, seat, boarding_time, created_at, updated_at) values (197, 139, '08B', '2024-11-27', '2024-01-24', '2024-04-16');
insert into Boarding_pass (boarding_pass_id, booking_id, seat, boarding_time, created_at, updated_at) values (198, 177, '09C', '2024-10-17', '2023-02-19', '2023-05-13');
insert into Boarding_pass (boarding_pass_id, booking_id, seat, boarding_time, created_at, updated_at) values (199, 171, '9D', '2024-10-10', '2023-11-11', '2024-02-02');
insert into Boarding_pass (boarding_pass_id, booking_id, seat, boarding_time, created_at, updated_at) values (200, 11, '30B', '2025-05-13', '2023-08-09', '2023-11-01');

insert into Baggage (baggage_id, weight_in_kg, created_at, updated_at, booking_id) values (1, 29.65, '2024-01-22', '2024-03-04', 30);
insert into Baggage (baggage_id, weight_in_kg, created_at, updated_at, booking_id) values (2, 23.66, '2023-09-17', '2023-10-28', 26);
insert into Baggage (baggage_id, weight_in_kg, created_at, updated_at, booking_id) values (3, 18.81, '2023-06-30', '2023-08-10', 129);
insert into Baggage (baggage_id, weight_in_kg, created_at, updated_at, booking_id) values (4, 28.98, '2025-03-26', '2025-05-07', 67);
insert into Baggage (baggage_id, weight_in_kg, created_at, updated_at, booking_id) values (5, 16.38, '2025-06-08', '2025-07-20', 85);
insert into Baggage (baggage_id, weight_in_kg, created_at, updated_at, booking_id) values (6, 5.19, '2025-02-20', '2025-04-03', 1);
insert into Baggage (baggage_id, weight_in_kg, created_at, updated_at, booking_id) values (7, 29.23, '2025-02-11', '2025-03-24', 130);
insert into Baggage (baggage_id, weight_in_kg, created_at, updated_at, booking_id) values (8, 22.39, '2023-05-17', '2023-06-28', 157);
insert into Baggage (baggage_id, weight_in_kg, created_at, updated_at, booking_id) values (9, 8.94, '2023-12-07', '2024-01-17', 65);
insert into Baggage (baggage_id, weight_in_kg, created_at, updated_at, booking_id) values (10, 12.36, '2025-01-12', '2025-02-23', 97);
insert into Baggage (baggage_id, weight_in_kg, created_at, updated_at, booking_id) values (11, 11.09, '2024-12-24', '2025-02-04', 50);
insert into Baggage (baggage_id, weight_in_kg, created_at, updated_at, booking_id) values (12, 12.46, '2023-01-18', '2023-02-28', 171);
insert into Baggage (baggage_id, weight_in_kg, created_at, updated_at, booking_id) values (13, 14.05, '2022-12-20', '2023-01-31', 116);
insert into Baggage (baggage_id, weight_in_kg, created_at, updated_at, booking_id) values (14, 21.59, '2025-01-07', '2025-02-17', 161);
insert into Baggage (baggage_id, weight_in_kg, created_at, updated_at, booking_id) values (15, 16.75, '2025-07-29', '2025-09-09', 153);
insert into Baggage (baggage_id, weight_in_kg, created_at, updated_at, booking_id) values (16, 18.77, '2022-10-20', '2022-11-30', 189);
insert into Baggage (baggage_id, weight_in_kg, created_at, updated_at, booking_id) values (17, 6.07, '2024-01-16', '2024-02-26', 14);
insert into Baggage (baggage_id, weight_in_kg, created_at, updated_at, booking_id) values (18, 23.55, '2024-03-29', '2024-05-10', 45);
insert into Baggage (baggage_id, weight_in_kg, created_at, updated_at, booking_id) values (19, 7.3, '2024-04-27', '2024-06-08', 108);
insert into Baggage (baggage_id, weight_in_kg, created_at, updated_at, booking_id) values (20, 22.62, '2023-09-11', '2023-10-23', 187);
insert into Baggage (baggage_id, weight_in_kg, created_at, updated_at, booking_id) values (21, 22.23, '2023-10-18', '2023-11-28', 57);
insert into Baggage (baggage_id, weight_in_kg, created_at, updated_at, booking_id) values (22, 24.93, '2022-11-17', '2022-12-28', 150);
insert into Baggage (baggage_id, weight_in_kg, created_at, updated_at, booking_id) values (23, 30.68, '2024-05-28', '2024-07-08', 109);
insert into Baggage (baggage_id, weight_in_kg, created_at, updated_at, booking_id) values (24, 15.38, '2023-08-09', '2023-09-20', 130);
insert into Baggage (baggage_id, weight_in_kg, created_at, updated_at, booking_id) values (25, 22.26, '2024-01-31', '2024-03-13', 56);
insert into Baggage (baggage_id, weight_in_kg, created_at, updated_at, booking_id) values (26, 19.19, '2023-07-09', '2023-08-20', 114);
insert into Baggage (baggage_id, weight_in_kg, created_at, updated_at, booking_id) values (27, 33.95, '2023-01-27', '2023-03-10', 23);
insert into Baggage (baggage_id, weight_in_kg, created_at, updated_at, booking_id) values (28, 25.69, '2024-11-05', '2024-12-17', 26);
insert into Baggage (baggage_id, weight_in_kg, created_at, updated_at, booking_id) values (29, 7.89, '2022-10-31', '2022-12-12', 82);
insert into Baggage (baggage_id, weight_in_kg, created_at, updated_at, booking_id) values (30, 7.67, '2023-10-28', '2023-12-09', 68);
insert into Baggage (baggage_id, weight_in_kg, created_at, updated_at, booking_id) values (31, 27.48, '2025-06-15', '2025-07-26', 176);
insert into Baggage (baggage_id, weight_in_kg, created_at, updated_at, booking_id) values (32, 27.02, '2024-10-14', '2024-11-25', 150);
insert into Baggage (baggage_id, weight_in_kg, created_at, updated_at, booking_id) values (33, 21.42, '2022-10-12', '2022-11-23', 37);
insert into Baggage (baggage_id, weight_in_kg, created_at, updated_at, booking_id) values (34, 33.08, '2025-08-28', '2025-10-09', 148);
insert into Baggage (baggage_id, weight_in_kg, created_at, updated_at, booking_id) values (35, 18.64, '2024-12-22', '2025-02-02', 181);
insert into Baggage (baggage_id, weight_in_kg, created_at, updated_at, booking_id) values (36, 17.41, '2023-07-07', '2023-08-17', 168);
insert into Baggage (baggage_id, weight_in_kg, created_at, updated_at, booking_id) values (37, 14.32, '2023-05-22', '2023-07-02', 184);
insert into Baggage (baggage_id, weight_in_kg, created_at, updated_at, booking_id) values (38, 25.36, '2025-05-08', '2025-06-18', 105);
insert into Baggage (baggage_id, weight_in_kg, created_at, updated_at, booking_id) values (39, 28.61, '2024-06-18', '2024-07-30', 108);
insert into Baggage (baggage_id, weight_in_kg, created_at, updated_at, booking_id) values (40, 12.99, '2025-08-07', '2025-09-18', 1);
insert into Baggage (baggage_id, weight_in_kg, created_at, updated_at, booking_id) values (41, 5.37, '2024-05-29', '2024-07-09', 64);
insert into Baggage (baggage_id, weight_in_kg, created_at, updated_at, booking_id) values (42, 22.11, '2025-08-12', '2025-09-23', 131);
insert into Baggage (baggage_id, weight_in_kg, created_at, updated_at, booking_id) values (43, 10.4, '2025-02-06', '2025-03-20', 56);
insert into Baggage (baggage_id, weight_in_kg, created_at, updated_at, booking_id) values (44, 22.96, '2024-03-11', '2024-04-21', 139);
insert into Baggage (baggage_id, weight_in_kg, created_at, updated_at, booking_id) values (45, 18.45, '2022-11-27', '2023-01-08', 53);
insert into Baggage (baggage_id, weight_in_kg, created_at, updated_at, booking_id) values (46, 12.63, '2024-08-18', '2024-09-28', 91);
insert into Baggage (baggage_id, weight_in_kg, created_at, updated_at, booking_id) values (47, 12.47, '2024-09-02', '2024-10-14', 174);
insert into Baggage (baggage_id, weight_in_kg, created_at, updated_at, booking_id) values (48, 16.42, '2022-11-23', '2023-01-04', 143);
insert into Baggage (baggage_id, weight_in_kg, created_at, updated_at, booking_id) values (49, 17.92, '2025-02-03', '2025-03-17', 55);
insert into Baggage (baggage_id, weight_in_kg, created_at, updated_at, booking_id) values (50, 23.88, '2022-11-15', '2022-12-27', 88);
insert into Baggage (baggage_id, weight_in_kg, created_at, updated_at, booking_id) values (51, 6.14, '2024-08-20', '2024-10-01', 40);
insert into Baggage (baggage_id, weight_in_kg, created_at, updated_at, booking_id) values (52, 18.39, '2025-03-23', '2025-05-04', 141);
insert into Baggage (baggage_id, weight_in_kg, created_at, updated_at, booking_id) values (53, 8.89, '2024-02-29', '2024-04-11', 17);
insert into Baggage (baggage_id, weight_in_kg, created_at, updated_at, booking_id) values (54, 18.86, '2024-12-25', '2025-02-05', 145);
insert into Baggage (baggage_id, weight_in_kg, created_at, updated_at, booking_id) values (55, 31.0, '2022-10-03', '2022-11-14', 143);
insert into Baggage (baggage_id, weight_in_kg, created_at, updated_at, booking_id) values (56, 13.4, '2024-10-07', '2024-11-18', 57);
insert into Baggage (baggage_id, weight_in_kg, created_at, updated_at, booking_id) values (57, 8.01, '2023-12-29', '2024-02-09', 132);
insert into Baggage (baggage_id, weight_in_kg, created_at, updated_at, booking_id) values (58, 8.08, '2022-11-14', '2022-12-25', 33);
insert into Baggage (baggage_id, weight_in_kg, created_at, updated_at, booking_id) values (59, 20.84, '2023-12-11', '2024-01-21', 196);
insert into Baggage (baggage_id, weight_in_kg, created_at, updated_at, booking_id) values (60, 28.72, '2024-02-14', '2024-03-26', 34);
insert into Baggage (baggage_id, weight_in_kg, created_at, updated_at, booking_id) values (61, 18.36, '2025-07-25', '2025-09-05', 197);
insert into Baggage (baggage_id, weight_in_kg, created_at, updated_at, booking_id) values (62, 13.93, '2025-02-13', '2025-03-27', 37);
insert into Baggage (baggage_id, weight_in_kg, created_at, updated_at, booking_id) values (63, 16.97, '2025-08-25', '2025-10-06', 57);
insert into Baggage (baggage_id, weight_in_kg, created_at, updated_at, booking_id) values (64, 20.22, '2025-05-16', '2025-06-27', 1);
insert into Baggage (baggage_id, weight_in_kg, created_at, updated_at, booking_id) values (65, 16.43, '2024-11-06', '2024-12-17', 96);
insert into Baggage (baggage_id, weight_in_kg, created_at, updated_at, booking_id) values (66, 29.87, '2023-01-19', '2023-03-02', 23);
insert into Baggage (baggage_id, weight_in_kg, created_at, updated_at, booking_id) values (67, 8.57, '2025-01-26', '2025-03-08', 168);
insert into Baggage (baggage_id, weight_in_kg, created_at, updated_at, booking_id) values (68, 5.96, '2024-01-04', '2024-02-15', 183);
insert into Baggage (baggage_id, weight_in_kg, created_at, updated_at, booking_id) values (69, 13.3, '2023-09-04', '2023-10-16', 155);
insert into Baggage (baggage_id, weight_in_kg, created_at, updated_at, booking_id) values (70, 7.62, '2023-03-22', '2023-05-03', 197);
insert into Baggage (baggage_id, weight_in_kg, created_at, updated_at, booking_id) values (71, 19.45, '2023-03-30', '2023-05-11', 26);
insert into Baggage (baggage_id, weight_in_kg, created_at, updated_at, booking_id) values (72, 32.5, '2024-10-30', '2024-12-11', 77);
insert into Baggage (baggage_id, weight_in_kg, created_at, updated_at, booking_id) values (73, 33.77, '2023-02-09', '2023-03-22', 181);
insert into Baggage (baggage_id, weight_in_kg, created_at, updated_at, booking_id) values (74, 27.01, '2023-05-16', '2023-06-27', 48);
insert into Baggage (baggage_id, weight_in_kg, created_at, updated_at, booking_id) values (75, 18.2, '2023-12-19', '2024-01-29', 147);
insert into Baggage (baggage_id, weight_in_kg, created_at, updated_at, booking_id) values (76, 18.61, '2025-01-22', '2025-03-04', 153);
insert into Baggage (baggage_id, weight_in_kg, created_at, updated_at, booking_id) values (77, 23.23, '2023-04-25', '2023-06-05', 176);
insert into Baggage (baggage_id, weight_in_kg, created_at, updated_at, booking_id) values (78, 20.3, '2025-04-17', '2025-05-29', 113);
insert into Baggage (baggage_id, weight_in_kg, created_at, updated_at, booking_id) values (79, 16.03, '2023-08-20', '2023-10-01', 30);
insert into Baggage (baggage_id, weight_in_kg, created_at, updated_at, booking_id) values (80, 12.52, '2023-11-16', '2023-12-28', 28);
insert into Baggage (baggage_id, weight_in_kg, created_at, updated_at, booking_id) values (81, 31.16, '2023-05-29', '2023-07-10', 191);
insert into Baggage (baggage_id, weight_in_kg, created_at, updated_at, booking_id) values (82, 30.38, '2024-09-26', '2024-11-07', 5);
insert into Baggage (baggage_id, weight_in_kg, created_at, updated_at, booking_id) values (83, 10.42, '2025-05-04', '2025-06-15', 15);
insert into Baggage (baggage_id, weight_in_kg, created_at, updated_at, booking_id) values (84, 22.07, '2024-04-15', '2024-05-27', 87);
insert into Baggage (baggage_id, weight_in_kg, created_at, updated_at, booking_id) values (85, 16.88, '2024-11-14', '2024-12-25', 52);
insert into Baggage (baggage_id, weight_in_kg, created_at, updated_at, booking_id) values (86, 31.55, '2024-07-28', '2024-09-08', 171);
insert into Baggage (baggage_id, weight_in_kg, created_at, updated_at, booking_id) values (87, 6.39, '2024-05-31', '2024-07-11', 96);
insert into Baggage (baggage_id, weight_in_kg, created_at, updated_at, booking_id) values (88, 21.1, '2022-12-23', '2023-02-02', 114);
insert into Baggage (baggage_id, weight_in_kg, created_at, updated_at, booking_id) values (89, 14.0, '2023-01-16', '2023-02-27', 66);
insert into Baggage (baggage_id, weight_in_kg, created_at, updated_at, booking_id) values (90, 32.71, '2025-05-11', '2025-06-22', 50);
insert into Baggage (baggage_id, weight_in_kg, created_at, updated_at, booking_id) values (91, 34.96, '2023-12-24', '2024-02-03', 11);
insert into Baggage (baggage_id, weight_in_kg, created_at, updated_at, booking_id) values (92, 12.43, '2023-09-21', '2023-11-02', 35);
insert into Baggage (baggage_id, weight_in_kg, created_at, updated_at, booking_id) values (93, 30.09, '2023-04-06', '2023-05-17', 90);
insert into Baggage (baggage_id, weight_in_kg, created_at, updated_at, booking_id) values (94, 20.34, '2025-07-19', '2025-08-30', 45);
insert into Baggage (baggage_id, weight_in_kg, created_at, updated_at, booking_id) values (95, 14.72, '2023-07-28', '2023-09-07', 79);
insert into Baggage (baggage_id, weight_in_kg, created_at, updated_at, booking_id) values (96, 8.51, '2025-07-15', '2025-08-26', 95);
insert into Baggage (baggage_id, weight_in_kg, created_at, updated_at, booking_id) values (97, 17.12, '2023-08-05', '2023-09-16', 28);
insert into Baggage (baggage_id, weight_in_kg, created_at, updated_at, booking_id) values (98, 16.53, '2023-03-31', '2023-05-12', 144);
insert into Baggage (baggage_id, weight_in_kg, created_at, updated_at, booking_id) values (99, 27.18, '2025-01-13', '2025-02-24', 98);
insert into Baggage (baggage_id, weight_in_kg, created_at, updated_at, booking_id) values (100, 7.38, '2023-03-10', '2023-04-20', 108);
insert into Baggage (baggage_id, weight_in_kg, created_at, updated_at, booking_id) values (101, 17.7, '2024-08-25', '2024-10-06', 87);
insert into Baggage (baggage_id, weight_in_kg, created_at, updated_at, booking_id) values (102, 17.75, '2024-07-09', '2024-08-19', 191);
insert into Baggage (baggage_id, weight_in_kg, created_at, updated_at, booking_id) values (103, 25.96, '2025-01-31', '2025-03-14', 73);
insert into Baggage (baggage_id, weight_in_kg, created_at, updated_at, booking_id) values (104, 15.17, '2023-01-31', '2023-03-14', 15);
insert into Baggage (baggage_id, weight_in_kg, created_at, updated_at, booking_id) values (105, 22.84, '2024-11-05', '2024-12-17', 5);
insert into Baggage (baggage_id, weight_in_kg, created_at, updated_at, booking_id) values (106, 14.9, '2025-09-16', '2025-10-27', 153);
insert into Baggage (baggage_id, weight_in_kg, created_at, updated_at, booking_id) values (107, 13.06, '2023-05-04', '2023-06-14', 36);
insert into Baggage (baggage_id, weight_in_kg, created_at, updated_at, booking_id) values (108, 9.55, '2025-02-02', '2025-03-15', 161);
insert into Baggage (baggage_id, weight_in_kg, created_at, updated_at, booking_id) values (109, 8.39, '2023-07-25', '2023-09-05', 138);
insert into Baggage (baggage_id, weight_in_kg, created_at, updated_at, booking_id) values (110, 21.77, '2023-09-03', '2023-10-15', 21);
insert into Baggage (baggage_id, weight_in_kg, created_at, updated_at, booking_id) values (111, 30.32, '2022-11-24', '2023-01-05', 123);
insert into Baggage (baggage_id, weight_in_kg, created_at, updated_at, booking_id) values (112, 16.86, '2024-03-26', '2024-05-07', 188);
insert into Baggage (baggage_id, weight_in_kg, created_at, updated_at, booking_id) values (113, 12.15, '2023-12-03', '2024-01-14', 48);
insert into Baggage (baggage_id, weight_in_kg, created_at, updated_at, booking_id) values (114, 27.59, '2025-01-05', '2025-02-16', 33);
insert into Baggage (baggage_id, weight_in_kg, created_at, updated_at, booking_id) values (115, 17.85, '2024-01-09', '2024-02-20', 28);
insert into Baggage (baggage_id, weight_in_kg, created_at, updated_at, booking_id) values (116, 29.43, '2025-04-22', '2025-06-02', 38);
insert into Baggage (baggage_id, weight_in_kg, created_at, updated_at, booking_id) values (117, 34.09, '2024-02-29', '2024-04-11', 95);
insert into Baggage (baggage_id, weight_in_kg, created_at, updated_at, booking_id) values (118, 20.85, '2023-04-18', '2023-05-29', 47);
insert into Baggage (baggage_id, weight_in_kg, created_at, updated_at, booking_id) values (119, 20.6, '2025-06-30', '2025-08-10', 54);
insert into Baggage (baggage_id, weight_in_kg, created_at, updated_at, booking_id) values (120, 31.13, '2023-10-19', '2023-11-30', 7);
insert into Baggage (baggage_id, weight_in_kg, created_at, updated_at, booking_id) values (121, 14.01, '2022-10-21', '2022-12-01', 38);
insert into Baggage (baggage_id, weight_in_kg, created_at, updated_at, booking_id) values (122, 17.96, '2025-05-21', '2025-07-02', 190);
insert into Baggage (baggage_id, weight_in_kg, created_at, updated_at, booking_id) values (123, 21.55, '2024-12-09', '2025-01-20', 196);
insert into Baggage (baggage_id, weight_in_kg, created_at, updated_at, booking_id) values (124, 14.07, '2024-04-26', '2024-06-07', 47);
insert into Baggage (baggage_id, weight_in_kg, created_at, updated_at, booking_id) values (125, 33.16, '2025-02-14', '2025-03-28', 82);
insert into Baggage (baggage_id, weight_in_kg, created_at, updated_at, booking_id) values (126, 34.0, '2024-09-05', '2024-10-16', 74);
insert into Baggage (baggage_id, weight_in_kg, created_at, updated_at, booking_id) values (127, 18.56, '2023-07-02', '2023-08-13', 90);
insert into Baggage (baggage_id, weight_in_kg, created_at, updated_at, booking_id) values (128, 14.8, '2023-05-22', '2023-07-03', 151);
insert into Baggage (baggage_id, weight_in_kg, created_at, updated_at, booking_id) values (129, 29.43, '2025-04-14', '2025-05-26', 87);
insert into Baggage (baggage_id, weight_in_kg, created_at, updated_at, booking_id) values (130, 15.99, '2024-11-27', '2025-01-08', 154);
insert into Baggage (baggage_id, weight_in_kg, created_at, updated_at, booking_id) values (131, 16.78, '2023-02-17', '2023-03-30', 159);
insert into Baggage (baggage_id, weight_in_kg, created_at, updated_at, booking_id) values (132, 15.04, '2024-02-22', '2024-04-04', 46);
insert into Baggage (baggage_id, weight_in_kg, created_at, updated_at, booking_id) values (133, 23.58, '2024-12-24', '2025-02-03', 129);
insert into Baggage (baggage_id, weight_in_kg, created_at, updated_at, booking_id) values (134, 28.34, '2025-06-10', '2025-07-22', 138);
insert into Baggage (baggage_id, weight_in_kg, created_at, updated_at, booking_id) values (135, 31.14, '2024-10-01', '2024-11-11', 2);
insert into Baggage (baggage_id, weight_in_kg, created_at, updated_at, booking_id) values (136, 30.5, '2025-03-04', '2025-04-15', 75);
insert into Baggage (baggage_id, weight_in_kg, created_at, updated_at, booking_id) values (137, 28.58, '2025-03-02', '2025-04-13', 193);
insert into Baggage (baggage_id, weight_in_kg, created_at, updated_at, booking_id) values (138, 34.09, '2024-08-06', '2024-09-17', 145);
insert into Baggage (baggage_id, weight_in_kg, created_at, updated_at, booking_id) values (139, 27.8, '2025-09-22', '2025-11-03', 200);
insert into Baggage (baggage_id, weight_in_kg, created_at, updated_at, booking_id) values (140, 14.2, '2024-06-20', '2024-08-01', 166);
insert into Baggage (baggage_id, weight_in_kg, created_at, updated_at, booking_id) values (141, 9.82, '2024-10-30', '2024-12-11', 200);
insert into Baggage (baggage_id, weight_in_kg, created_at, updated_at, booking_id) values (142, 14.14, '2023-02-03', '2023-03-17', 141);
insert into Baggage (baggage_id, weight_in_kg, created_at, updated_at, booking_id) values (143, 19.63, '2024-11-24', '2025-01-05', 132);
insert into Baggage (baggage_id, weight_in_kg, created_at, updated_at, booking_id) values (144, 7.83, '2024-02-14', '2024-03-26', 115);
insert into Baggage (baggage_id, weight_in_kg, created_at, updated_at, booking_id) values (145, 11.78, '2025-07-28', '2025-09-08', 1);
insert into Baggage (baggage_id, weight_in_kg, created_at, updated_at, booking_id) values (146, 17.11, '2023-09-17', '2023-10-29', 144);
insert into Baggage (baggage_id, weight_in_kg, created_at, updated_at, booking_id) values (147, 5.36, '2023-06-03', '2023-07-15', 105);
insert into Baggage (baggage_id, weight_in_kg, created_at, updated_at, booking_id) values (148, 12.04, '2023-08-02', '2023-09-13', 112);
insert into Baggage (baggage_id, weight_in_kg, created_at, updated_at, booking_id) values (149, 29.44, '2023-06-13', '2023-07-25', 107);
insert into Baggage (baggage_id, weight_in_kg, created_at, updated_at, booking_id) values (150, 11.33, '2023-04-30', '2023-06-11', 49);
insert into Baggage (baggage_id, weight_in_kg, created_at, updated_at, booking_id) values (151, 34.94, '2023-06-29', '2023-08-09', 59);
insert into Baggage (baggage_id, weight_in_kg, created_at, updated_at, booking_id) values (152, 29.04, '2024-06-07', '2024-07-19', 175);
insert into Baggage (baggage_id, weight_in_kg, created_at, updated_at, booking_id) values (153, 5.95, '2025-01-10', '2025-02-20', 177);
insert into Baggage (baggage_id, weight_in_kg, created_at, updated_at, booking_id) values (154, 24.11, '2023-07-27', '2023-09-07', 196);
insert into Baggage (baggage_id, weight_in_kg, created_at, updated_at, booking_id) values (155, 23.81, '2023-04-21', '2023-06-01', 138);
insert into Baggage (baggage_id, weight_in_kg, created_at, updated_at, booking_id) values (156, 17.37, '2023-05-20', '2023-07-01', 150);
insert into Baggage (baggage_id, weight_in_kg, created_at, updated_at, booking_id) values (157, 13.74, '2024-11-14', '2024-12-25', 45);
insert into Baggage (baggage_id, weight_in_kg, created_at, updated_at, booking_id) values (158, 34.58, '2023-07-18', '2023-08-29', 161);
insert into Baggage (baggage_id, weight_in_kg, created_at, updated_at, booking_id) values (159, 29.08, '2025-01-23', '2025-03-06', 109);
insert into Baggage (baggage_id, weight_in_kg, created_at, updated_at, booking_id) values (160, 20.07, '2023-06-11', '2023-07-23', 162);
insert into Baggage (baggage_id, weight_in_kg, created_at, updated_at, booking_id) values (161, 24.51, '2025-04-08', '2025-05-20', 60);
insert into Baggage (baggage_id, weight_in_kg, created_at, updated_at, booking_id) values (162, 12.44, '2025-05-11', '2025-06-22', 81);
insert into Baggage (baggage_id, weight_in_kg, created_at, updated_at, booking_id) values (163, 22.77, '2024-06-29', '2024-08-10', 56);
insert into Baggage (baggage_id, weight_in_kg, created_at, updated_at, booking_id) values (164, 28.47, '2024-06-03', '2024-07-15', 115);
insert into Baggage (baggage_id, weight_in_kg, created_at, updated_at, booking_id) values (165, 23.87, '2023-07-30', '2023-09-10', 181);
insert into Baggage (baggage_id, weight_in_kg, created_at, updated_at, booking_id) values (166, 19.41, '2023-05-10', '2023-06-20', 176);
insert into Baggage (baggage_id, weight_in_kg, created_at, updated_at, booking_id) values (167, 9.88, '2023-09-18', '2023-10-30', 43);
insert into Baggage (baggage_id, weight_in_kg, created_at, updated_at, booking_id) values (168, 21.55, '2025-03-30', '2025-05-11', 180);
insert into Baggage (baggage_id, weight_in_kg, created_at, updated_at, booking_id) values (169, 10.19, '2023-06-11', '2023-07-23', 193);
insert into Baggage (baggage_id, weight_in_kg, created_at, updated_at, booking_id) values (170, 26.6, '2025-03-04', '2025-04-15', 8);
insert into Baggage (baggage_id, weight_in_kg, created_at, updated_at, booking_id) values (171, 30.51, '2024-04-25', '2024-06-06', 109);
insert into Baggage (baggage_id, weight_in_kg, created_at, updated_at, booking_id) values (172, 26.58, '2023-03-09', '2023-04-19', 163);
insert into Baggage (baggage_id, weight_in_kg, created_at, updated_at, booking_id) values (173, 22.63, '2025-03-11', '2025-04-21', 53);
insert into Baggage (baggage_id, weight_in_kg, created_at, updated_at, booking_id) values (174, 24.26, '2025-04-18', '2025-05-29', 163);
insert into Baggage (baggage_id, weight_in_kg, created_at, updated_at, booking_id) values (175, 17.46, '2025-08-04', '2025-09-15', 130);
insert into Baggage (baggage_id, weight_in_kg, created_at, updated_at, booking_id) values (176, 27.03, '2024-11-12', '2024-12-24', 102);
insert into Baggage (baggage_id, weight_in_kg, created_at, updated_at, booking_id) values (177, 28.97, '2024-06-26', '2024-08-07', 186);
insert into Baggage (baggage_id, weight_in_kg, created_at, updated_at, booking_id) values (178, 31.77, '2024-10-05', '2024-11-16', 70);
insert into Baggage (baggage_id, weight_in_kg, created_at, updated_at, booking_id) values (179, 8.7, '2022-12-03', '2023-01-14', 179);
insert into Baggage (baggage_id, weight_in_kg, created_at, updated_at, booking_id) values (180, 19.78, '2024-10-31', '2024-12-12', 125);
insert into Baggage (baggage_id, weight_in_kg, created_at, updated_at, booking_id) values (181, 24.45, '2023-03-22', '2023-05-03', 49);
insert into Baggage (baggage_id, weight_in_kg, created_at, updated_at, booking_id) values (182, 11.72, '2025-03-29', '2025-05-10', 11);
insert into Baggage (baggage_id, weight_in_kg, created_at, updated_at, booking_id) values (183, 27.94, '2023-07-14', '2023-08-24', 57);
insert into Baggage (baggage_id, weight_in_kg, created_at, updated_at, booking_id) values (184, 26.89, '2024-09-04', '2024-10-15', 173);
insert into Baggage (baggage_id, weight_in_kg, created_at, updated_at, booking_id) values (185, 16.19, '2025-08-31', '2025-10-12', 49);
insert into Baggage (baggage_id, weight_in_kg, created_at, updated_at, booking_id) values (186, 26.14, '2025-02-23', '2025-04-06', 20);
insert into Baggage (baggage_id, weight_in_kg, created_at, updated_at, booking_id) values (187, 10.0, '2025-02-26', '2025-04-09', 200);
insert into Baggage (baggage_id, weight_in_kg, created_at, updated_at, booking_id) values (188, 27.38, '2025-05-19', '2025-06-29', 68);
insert into Baggage (baggage_id, weight_in_kg, created_at, updated_at, booking_id) values (189, 21.45, '2022-12-08', '2023-01-19', 28);
insert into Baggage (baggage_id, weight_in_kg, created_at, updated_at, booking_id) values (190, 32.98, '2025-02-02', '2025-03-16', 53);
insert into Baggage (baggage_id, weight_in_kg, created_at, updated_at, booking_id) values (191, 11.5, '2023-01-05', '2023-02-16', 134);
insert into Baggage (baggage_id, weight_in_kg, created_at, updated_at, booking_id) values (192, 20.63, '2024-01-20', '2024-03-02', 102);
insert into Baggage (baggage_id, weight_in_kg, created_at, updated_at, booking_id) values (193, 28.47, '2023-12-09', '2024-01-19', 79);
insert into Baggage (baggage_id, weight_in_kg, created_at, updated_at, booking_id) values (194, 13.21, '2024-02-24', '2024-04-06', 192);
insert into Baggage (baggage_id, weight_in_kg, created_at, updated_at, booking_id) values (195, 31.16, '2023-06-12', '2023-07-24', 61);
insert into Baggage (baggage_id, weight_in_kg, created_at, updated_at, booking_id) values (196, 34.85, '2023-07-30', '2023-09-09', 119);
insert into Baggage (baggage_id, weight_in_kg, created_at, updated_at, booking_id) values (197, 30.23, '2023-02-21', '2023-04-04', 192);
insert into Baggage (baggage_id, weight_in_kg, created_at, updated_at, booking_id) values (198, 10.54, '2025-02-13', '2025-03-27', 65);
insert into Baggage (baggage_id, weight_in_kg, created_at, updated_at, booking_id) values (199, 14.54, '2025-01-04', '2025-02-15', 9);
insert into Baggage (baggage_id, weight_in_kg, created_at, updated_at, booking_id) values (200, 21.12, '2024-10-19', '2024-11-30', 11);

insert into Security_check (security_check_id, check_result, created_at, updated_at, passenger_id) values (1, 'Clear', '2025-04-09', '2025-04-19', 190);
insert into Security_check (security_check_id, check_result, created_at, updated_at, passenger_id) values (2, 'Manual Check', '2023-10-14', '2023-10-24', 185);
insert into Security_check (security_check_id, check_result, created_at, updated_at, passenger_id) values (3, 'Alert', '2024-06-17', '2024-06-28', 144);
insert into Security_check (security_check_id, check_result, created_at, updated_at, passenger_id) values (4, 'Clear', '2025-02-27', '2025-03-09', 39);
insert into Security_check (security_check_id, check_result, created_at, updated_at, passenger_id) values (5, 'Alert', '2023-04-19', '2023-04-30', 46);
insert into Security_check (security_check_id, check_result, created_at, updated_at, passenger_id) values (6, 'Alert', '2023-10-18', '2023-10-28', 9);
insert into Security_check (security_check_id, check_result, created_at, updated_at, passenger_id) values (7, 'Alert', '2024-02-26', '2024-03-07', 38);
insert into Security_check (security_check_id, check_result, created_at, updated_at, passenger_id) values (8, 'Clear', '2024-11-09', '2024-11-20', 151);
insert into Security_check (security_check_id, check_result, created_at, updated_at, passenger_id) values (9, 'Clear', '2025-08-20', '2025-08-31', 78);
insert into Security_check (security_check_id, check_result, created_at, updated_at, passenger_id) values (10, 'Manual Check', '2023-01-07', '2023-01-18', 16);
insert into Security_check (security_check_id, check_result, created_at, updated_at, passenger_id) values (11, 'Manual Check', '2024-07-20', '2024-07-31', 172);
insert into Security_check (security_check_id, check_result, created_at, updated_at, passenger_id) values (12, 'Alert', '2025-03-06', '2025-03-16', 78);
insert into Security_check (security_check_id, check_result, created_at, updated_at, passenger_id) values (13, 'Manual Check', '2023-11-03', '2023-11-14', 151);
insert into Security_check (security_check_id, check_result, created_at, updated_at, passenger_id) values (14, 'Manual Check', '2024-09-05', '2024-09-15', 5);
insert into Security_check (security_check_id, check_result, created_at, updated_at, passenger_id) values (15, 'Manual Check', '2025-03-17', '2025-03-28', 48);
insert into Security_check (security_check_id, check_result, created_at, updated_at, passenger_id) values (16, 'Clear', '2024-01-22', '2024-02-01', 101);
insert into Security_check (security_check_id, check_result, created_at, updated_at, passenger_id) values (17, 'Manual Check', '2024-12-27', '2025-01-06', 124);
insert into Security_check (security_check_id, check_result, created_at, updated_at, passenger_id) values (18, 'Alert', '2025-03-25', '2025-04-05', 167);
insert into Security_check (security_check_id, check_result, created_at, updated_at, passenger_id) values (19, 'Manual Check', '2024-01-02', '2024-01-12', 134);
insert into Security_check (security_check_id, check_result, created_at, updated_at, passenger_id) values (20, 'Manual Check', '2025-06-09', '2025-06-19', 11);
insert into Security_check (security_check_id, check_result, created_at, updated_at, passenger_id) values (21, 'Manual Check', '2022-10-23', '2022-11-02', 40);
insert into Security_check (security_check_id, check_result, created_at, updated_at, passenger_id) values (22, 'Clear', '2025-06-28', '2025-07-08', 199);
insert into Security_check (security_check_id, check_result, created_at, updated_at, passenger_id) values (23, 'Manual Check', '2025-03-20', '2025-03-31', 150);
insert into Security_check (security_check_id, check_result, created_at, updated_at, passenger_id) values (24, 'Manual Check', '2024-01-10', '2024-01-21', 165);
insert into Security_check (security_check_id, check_result, created_at, updated_at, passenger_id) values (25, 'Manual Check', '2024-05-28', '2024-06-07', 93);
insert into Security_check (security_check_id, check_result, created_at, updated_at, passenger_id) values (26, 'Manual Check', '2023-03-01', '2023-03-11', 60);
insert into Security_check (security_check_id, check_result, created_at, updated_at, passenger_id) values (27, 'Alert', '2024-04-26', '2024-05-07', 41);
insert into Security_check (security_check_id, check_result, created_at, updated_at, passenger_id) values (28, 'Alert', '2025-07-02', '2025-07-12', 60);
insert into Security_check (security_check_id, check_result, created_at, updated_at, passenger_id) values (29, 'Clear', '2023-04-24', '2023-05-05', 11);
insert into Security_check (security_check_id, check_result, created_at, updated_at, passenger_id) values (30, 'Clear', '2024-01-04', '2024-01-15', 171);
insert into Security_check (security_check_id, check_result, created_at, updated_at, passenger_id) values (31, 'Alert', '2025-02-14', '2025-02-24', 7);
insert into Security_check (security_check_id, check_result, created_at, updated_at, passenger_id) values (32, 'Alert', '2023-07-22', '2023-08-02', 56);
insert into Security_check (security_check_id, check_result, created_at, updated_at, passenger_id) values (33, 'Alert', '2025-01-01', '2025-01-11', 3);
insert into Security_check (security_check_id, check_result, created_at, updated_at, passenger_id) values (34, 'Manual Check', '2024-03-31', '2024-04-11', 156);
insert into Security_check (security_check_id, check_result, created_at, updated_at, passenger_id) values (35, 'Alert', '2022-12-01', '2022-12-12', 95);
insert into Security_check (security_check_id, check_result, created_at, updated_at, passenger_id) values (36, 'Alert', '2025-09-03', '2025-09-13', 134);
insert into Security_check (security_check_id, check_result, created_at, updated_at, passenger_id) values (37, 'Clear', '2024-08-05', '2024-08-16', 167);
insert into Security_check (security_check_id, check_result, created_at, updated_at, passenger_id) values (38, 'Alert', '2023-06-02', '2023-06-12', 196);
insert into Security_check (security_check_id, check_result, created_at, updated_at, passenger_id) values (39, 'Alert', '2023-02-26', '2023-03-09', 188);
insert into Security_check (security_check_id, check_result, created_at, updated_at, passenger_id) values (40, 'Clear', '2023-11-23', '2023-12-03', 14);
insert into Security_check (security_check_id, check_result, created_at, updated_at, passenger_id) values (41, 'Clear', '2023-08-09', '2023-08-20', 99);
insert into Security_check (security_check_id, check_result, created_at, updated_at, passenger_id) values (42, 'Manual Check', '2023-10-09', '2023-10-19', 139);
insert into Security_check (security_check_id, check_result, created_at, updated_at, passenger_id) values (43, 'Clear', '2023-01-27', '2023-02-06', 145);
insert into Security_check (security_check_id, check_result, created_at, updated_at, passenger_id) values (44, 'Alert', '2024-04-01', '2024-04-11', 10);
insert into Security_check (security_check_id, check_result, created_at, updated_at, passenger_id) values (45, 'Manual Check', '2025-05-17', '2025-05-28', 22);
insert into Security_check (security_check_id, check_result, created_at, updated_at, passenger_id) values (46, 'Alert', '2024-03-15', '2024-03-26', 34);
insert into Security_check (security_check_id, check_result, created_at, updated_at, passenger_id) values (47, 'Clear', '2024-06-26', '2024-07-06', 7);
insert into Security_check (security_check_id, check_result, created_at, updated_at, passenger_id) values (48, 'Clear', '2023-04-11', '2023-04-21', 178);
insert into Security_check (security_check_id, check_result, created_at, updated_at, passenger_id) values (49, 'Manual Check', '2023-10-04', '2023-10-14', 116);
insert into Security_check (security_check_id, check_result, created_at, updated_at, passenger_id) values (50, 'Clear', '2023-09-28', '2023-10-08', 101);
insert into Security_check (security_check_id, check_result, created_at, updated_at, passenger_id) values (51, 'Manual Check', '2025-08-21', '2025-08-31', 110);
insert into Security_check (security_check_id, check_result, created_at, updated_at, passenger_id) values (52, 'Alert', '2025-07-31', '2025-08-10', 87);
insert into Security_check (security_check_id, check_result, created_at, updated_at, passenger_id) values (53, 'Clear', '2023-11-02', '2023-11-12', 85);
insert into Security_check (security_check_id, check_result, created_at, updated_at, passenger_id) values (54, 'Clear', '2025-03-02', '2025-03-12', 196);
insert into Security_check (security_check_id, check_result, created_at, updated_at, passenger_id) values (55, 'Manual Check', '2023-12-01', '2023-12-12', 84);
insert into Security_check (security_check_id, check_result, created_at, updated_at, passenger_id) values (56, 'Manual Check', '2023-11-13', '2023-11-24', 178);
insert into Security_check (security_check_id, check_result, created_at, updated_at, passenger_id) values (57, 'Clear', '2024-11-27', '2024-12-07', 134);
insert into Security_check (security_check_id, check_result, created_at, updated_at, passenger_id) values (58, 'Alert', '2024-04-10', '2024-04-21', 32);
insert into Security_check (security_check_id, check_result, created_at, updated_at, passenger_id) values (59, 'Clear', '2024-12-07', '2024-12-17', 163);
insert into Security_check (security_check_id, check_result, created_at, updated_at, passenger_id) values (60, 'Alert', '2022-10-01', '2022-10-12', 86);
insert into Security_check (security_check_id, check_result, created_at, updated_at, passenger_id) values (61, 'Manual Check', '2024-03-28', '2024-04-07', 132);
insert into Security_check (security_check_id, check_result, created_at, updated_at, passenger_id) values (62, 'Manual Check', '2023-01-08', '2023-01-18', 114);
insert into Security_check (security_check_id, check_result, created_at, updated_at, passenger_id) values (63, 'Alert', '2023-04-18', '2023-04-29', 177);
insert into Security_check (security_check_id, check_result, created_at, updated_at, passenger_id) values (64, 'Alert', '2024-04-10', '2024-04-20', 98);
insert into Security_check (security_check_id, check_result, created_at, updated_at, passenger_id) values (65, 'Manual Check', '2022-09-28', '2022-10-08', 2);
insert into Security_check (security_check_id, check_result, created_at, updated_at, passenger_id) values (66, 'Clear', '2024-03-14', '2024-03-24', 40);
insert into Security_check (security_check_id, check_result, created_at, updated_at, passenger_id) values (67, 'Clear', '2023-06-02', '2023-06-13', 75);
insert into Security_check (security_check_id, check_result, created_at, updated_at, passenger_id) values (68, 'Alert', '2024-10-27', '2024-11-07', 81);
insert into Security_check (security_check_id, check_result, created_at, updated_at, passenger_id) values (69, 'Alert', '2023-07-03', '2023-07-14', 4);
insert into Security_check (security_check_id, check_result, created_at, updated_at, passenger_id) values (70, 'Manual Check', '2023-04-27', '2023-05-07', 104);
insert into Security_check (security_check_id, check_result, created_at, updated_at, passenger_id) values (71, 'Clear', '2023-08-31', '2023-09-11', 36);
insert into Security_check (security_check_id, check_result, created_at, updated_at, passenger_id) values (72, 'Clear', '2023-02-21', '2023-03-03', 30);
insert into Security_check (security_check_id, check_result, created_at, updated_at, passenger_id) values (73, 'Manual Check', '2023-10-26', '2023-11-05', 51);
insert into Security_check (security_check_id, check_result, created_at, updated_at, passenger_id) values (74, 'Clear', '2024-04-17', '2024-04-27', 96);
insert into Security_check (security_check_id, check_result, created_at, updated_at, passenger_id) values (75, 'Manual Check', '2023-08-15', '2023-08-26', 68);
insert into Security_check (security_check_id, check_result, created_at, updated_at, passenger_id) values (76, 'Manual Check', '2023-01-07', '2023-01-17', 101);
insert into Security_check (security_check_id, check_result, created_at, updated_at, passenger_id) values (77, 'Manual Check', '2025-08-22', '2025-09-02', 158);
insert into Security_check (security_check_id, check_result, created_at, updated_at, passenger_id) values (78, 'Alert', '2023-11-06', '2023-11-17', 127);
insert into Security_check (security_check_id, check_result, created_at, updated_at, passenger_id) values (79, 'Manual Check', '2023-10-03', '2023-10-13', 98);
insert into Security_check (security_check_id, check_result, created_at, updated_at, passenger_id) values (80, 'Alert', '2024-02-13', '2024-02-24', 87);
insert into Security_check (security_check_id, check_result, created_at, updated_at, passenger_id) values (81, 'Alert', '2023-05-02', '2023-05-13', 184);
insert into Security_check (security_check_id, check_result, created_at, updated_at, passenger_id) values (82, 'Manual Check', '2024-11-03', '2024-11-14', 107);
insert into Security_check (security_check_id, check_result, created_at, updated_at, passenger_id) values (83, 'Alert', '2025-05-30', '2025-06-10', 111);
insert into Security_check (security_check_id, check_result, created_at, updated_at, passenger_id) values (84, 'Clear', '2023-07-11', '2023-07-21', 165);
insert into Security_check (security_check_id, check_result, created_at, updated_at, passenger_id) values (85, 'Alert', '2022-10-23', '2022-11-02', 53);
insert into Security_check (security_check_id, check_result, created_at, updated_at, passenger_id) values (86, 'Clear', '2023-11-23', '2023-12-04', 165);
insert into Security_check (security_check_id, check_result, created_at, updated_at, passenger_id) values (87, 'Clear', '2024-05-11', '2024-05-21', 153);
insert into Security_check (security_check_id, check_result, created_at, updated_at, passenger_id) values (88, 'Clear', '2023-07-05', '2023-07-16', 84);
insert into Security_check (security_check_id, check_result, created_at, updated_at, passenger_id) values (89, 'Manual Check', '2024-11-20', '2024-12-01', 182);
insert into Security_check (security_check_id, check_result, created_at, updated_at, passenger_id) values (90, 'Manual Check', '2025-01-12', '2025-01-22', 131);
insert into Security_check (security_check_id, check_result, created_at, updated_at, passenger_id) values (91, 'Clear', '2023-12-15', '2023-12-25', 20);
insert into Security_check (security_check_id, check_result, created_at, updated_at, passenger_id) values (92, 'Alert', '2023-04-22', '2023-05-03', 139);
insert into Security_check (security_check_id, check_result, created_at, updated_at, passenger_id) values (93, 'Alert', '2023-09-08', '2023-09-19', 89);
insert into Security_check (security_check_id, check_result, created_at, updated_at, passenger_id) values (94, 'Manual Check', '2023-05-24', '2023-06-04', 155);
insert into Security_check (security_check_id, check_result, created_at, updated_at, passenger_id) values (95, 'Alert', '2024-05-04', '2024-05-14', 160);
insert into Security_check (security_check_id, check_result, created_at, updated_at, passenger_id) values (96, 'Clear', '2025-04-08', '2025-04-19', 75);
insert into Security_check (security_check_id, check_result, created_at, updated_at, passenger_id) values (97, 'Clear', '2023-07-13', '2023-07-23', 71);
insert into Security_check (security_check_id, check_result, created_at, updated_at, passenger_id) values (98, 'Clear', '2024-07-04', '2024-07-14', 169);
insert into Security_check (security_check_id, check_result, created_at, updated_at, passenger_id) values (99, 'Manual Check', '2024-04-16', '2024-04-27', 165);
insert into Security_check (security_check_id, check_result, created_at, updated_at, passenger_id) values (100, 'Manual Check', '2023-10-04', '2023-10-15', 29);
insert into Security_check (security_check_id, check_result, created_at, updated_at, passenger_id) values (101, 'Alert', '2024-04-03', '2024-04-13', 38);
insert into Security_check (security_check_id, check_result, created_at, updated_at, passenger_id) values (102, 'Alert', '2023-02-25', '2023-03-07', 143);
insert into Security_check (security_check_id, check_result, created_at, updated_at, passenger_id) values (103, 'Alert', '2025-08-14', '2025-08-25', 49);
insert into Security_check (security_check_id, check_result, created_at, updated_at, passenger_id) values (104, 'Manual Check', '2024-11-26', '2024-12-07', 156);
insert into Security_check (security_check_id, check_result, created_at, updated_at, passenger_id) values (105, 'Alert', '2025-01-01', '2025-01-11', 133);
insert into Security_check (security_check_id, check_result, created_at, updated_at, passenger_id) values (106, 'Manual Check', '2024-12-06', '2024-12-17', 163);
insert into Security_check (security_check_id, check_result, created_at, updated_at, passenger_id) values (107, 'Manual Check', '2023-04-19', '2023-04-30', 71);
insert into Security_check (security_check_id, check_result, created_at, updated_at, passenger_id) values (108, 'Alert', '2024-09-11', '2024-09-21', 78);
insert into Security_check (security_check_id, check_result, created_at, updated_at, passenger_id) values (109, 'Clear', '2025-09-11', '2025-09-22', 150);
insert into Security_check (security_check_id, check_result, created_at, updated_at, passenger_id) values (110, 'Clear', '2025-03-05', '2025-03-15', 77);
insert into Security_check (security_check_id, check_result, created_at, updated_at, passenger_id) values (111, 'Clear', '2025-07-12', '2025-07-23', 132);
insert into Security_check (security_check_id, check_result, created_at, updated_at, passenger_id) values (112, 'Manual Check', '2023-09-28', '2023-10-09', 64);
insert into Security_check (security_check_id, check_result, created_at, updated_at, passenger_id) values (113, 'Alert', '2025-05-26', '2025-06-06', 194);
insert into Security_check (security_check_id, check_result, created_at, updated_at, passenger_id) values (114, 'Alert', '2024-08-18', '2024-08-29', 128);
insert into Security_check (security_check_id, check_result, created_at, updated_at, passenger_id) values (115, 'Manual Check', '2024-06-25', '2024-07-05', 106);
insert into Security_check (security_check_id, check_result, created_at, updated_at, passenger_id) values (116, 'Alert', '2023-02-28', '2023-03-11', 85);
insert into Security_check (security_check_id, check_result, created_at, updated_at, passenger_id) values (117, 'Alert', '2025-01-11', '2025-01-21', 163);
insert into Security_check (security_check_id, check_result, created_at, updated_at, passenger_id) values (118, 'Clear', '2024-12-23', '2025-01-02', 61);
insert into Security_check (security_check_id, check_result, created_at, updated_at, passenger_id) values (119, 'Clear', '2023-02-06', '2023-02-16', 39);
insert into Security_check (security_check_id, check_result, created_at, updated_at, passenger_id) values (120, 'Alert', '2024-11-28', '2024-12-08', 152);
insert into Security_check (security_check_id, check_result, created_at, updated_at, passenger_id) values (121, 'Clear', '2023-06-20', '2023-06-30', 31);
insert into Security_check (security_check_id, check_result, created_at, updated_at, passenger_id) values (122, 'Alert', '2025-05-17', '2025-05-27', 154);
insert into Security_check (security_check_id, check_result, created_at, updated_at, passenger_id) values (123, 'Clear', '2024-09-26', '2024-10-06', 33);
insert into Security_check (security_check_id, check_result, created_at, updated_at, passenger_id) values (124, 'Manual Check', '2023-08-11', '2023-08-22', 185);
insert into Security_check (security_check_id, check_result, created_at, updated_at, passenger_id) values (125, 'Clear', '2024-10-18', '2024-10-28', 57);
insert into Security_check (security_check_id, check_result, created_at, updated_at, passenger_id) values (126, 'Alert', '2024-11-19', '2024-11-29', 68);
insert into Security_check (security_check_id, check_result, created_at, updated_at, passenger_id) values (127, 'Alert', '2023-08-03', '2023-08-13', 61);
insert into Security_check (security_check_id, check_result, created_at, updated_at, passenger_id) values (128, 'Manual Check', '2024-06-15', '2024-06-26', 40);
insert into Security_check (security_check_id, check_result, created_at, updated_at, passenger_id) values (129, 'Manual Check', '2024-01-24', '2024-02-03', 189);
insert into Security_check (security_check_id, check_result, created_at, updated_at, passenger_id) values (130, 'Manual Check', '2024-02-08', '2024-02-18', 47);
insert into Security_check (security_check_id, check_result, created_at, updated_at, passenger_id) values (131, 'Clear', '2023-04-13', '2023-04-23', 154);
insert into Security_check (security_check_id, check_result, created_at, updated_at, passenger_id) values (132, 'Manual Check', '2023-03-23', '2023-04-02', 95);
insert into Security_check (security_check_id, check_result, created_at, updated_at, passenger_id) values (133, 'Clear', '2023-04-16', '2023-04-26', 15);
insert into Security_check (security_check_id, check_result, created_at, updated_at, passenger_id) values (134, 'Clear', '2024-03-18', '2024-03-28', 153);
insert into Security_check (security_check_id, check_result, created_at, updated_at, passenger_id) values (135, 'Alert', '2023-04-12', '2023-04-23', 2);
insert into Security_check (security_check_id, check_result, created_at, updated_at, passenger_id) values (136, 'Alert', '2023-02-06', '2023-02-16', 126);
insert into Security_check (security_check_id, check_result, created_at, updated_at, passenger_id) values (137, 'Clear', '2022-11-17', '2022-11-28', 160);
insert into Security_check (security_check_id, check_result, created_at, updated_at, passenger_id) values (138, 'Alert', '2023-12-23', '2024-01-03', 21);
insert into Security_check (security_check_id, check_result, created_at, updated_at, passenger_id) values (139, 'Alert', '2023-04-06', '2023-04-16', 91);
insert into Security_check (security_check_id, check_result, created_at, updated_at, passenger_id) values (140, 'Clear', '2024-04-06', '2024-04-17', 98);
insert into Security_check (security_check_id, check_result, created_at, updated_at, passenger_id) values (141, 'Alert', '2023-03-29', '2023-04-08', 58);
insert into Security_check (security_check_id, check_result, created_at, updated_at, passenger_id) values (142, 'Manual Check', '2023-12-25', '2024-01-04', 120);
insert into Security_check (security_check_id, check_result, created_at, updated_at, passenger_id) values (143, 'Clear', '2023-01-24', '2023-02-03', 100);
insert into Security_check (security_check_id, check_result, created_at, updated_at, passenger_id) values (144, 'Manual Check', '2024-05-02', '2024-05-12', 166);
insert into Security_check (security_check_id, check_result, created_at, updated_at, passenger_id) values (145, 'Clear', '2022-11-17', '2022-11-28', 90);
insert into Security_check (security_check_id, check_result, created_at, updated_at, passenger_id) values (146, 'Alert', '2022-10-11', '2022-10-22', 87);
insert into Security_check (security_check_id, check_result, created_at, updated_at, passenger_id) values (147, 'Clear', '2025-09-04', '2025-09-15', 151);
insert into Security_check (security_check_id, check_result, created_at, updated_at, passenger_id) values (148, 'Alert', '2024-07-21', '2024-07-31', 69);
insert into Security_check (security_check_id, check_result, created_at, updated_at, passenger_id) values (149, 'Clear', '2022-10-13', '2022-10-24', 141);
insert into Security_check (security_check_id, check_result, created_at, updated_at, passenger_id) values (150, 'Manual Check', '2024-04-06', '2024-04-16', 5);
insert into Security_check (security_check_id, check_result, created_at, updated_at, passenger_id) values (151, 'Clear', '2024-06-11', '2024-06-21', 187);
insert into Security_check (security_check_id, check_result, created_at, updated_at, passenger_id) values (152, 'Clear', '2024-03-03', '2024-03-14', 185);
insert into Security_check (security_check_id, check_result, created_at, updated_at, passenger_id) values (153, 'Alert', '2022-11-10', '2022-11-20', 49);
insert into Security_check (security_check_id, check_result, created_at, updated_at, passenger_id) values (154, 'Clear', '2023-08-22', '2023-09-02', 18);
insert into Security_check (security_check_id, check_result, created_at, updated_at, passenger_id) values (155, 'Manual Check', '2024-02-08', '2024-02-19', 187);
insert into Security_check (security_check_id, check_result, created_at, updated_at, passenger_id) values (156, 'Clear', '2023-05-12', '2023-05-22', 118);
insert into Security_check (security_check_id, check_result, created_at, updated_at, passenger_id) values (157, 'Manual Check', '2024-02-24', '2024-03-05', 18);
insert into Security_check (security_check_id, check_result, created_at, updated_at, passenger_id) values (158, 'Alert', '2024-09-23', '2024-10-03', 152);
insert into Security_check (security_check_id, check_result, created_at, updated_at, passenger_id) values (159, 'Alert', '2024-09-16', '2024-09-27', 163);
insert into Security_check (security_check_id, check_result, created_at, updated_at, passenger_id) values (160, 'Manual Check', '2024-09-20', '2024-10-01', 25);
insert into Security_check (security_check_id, check_result, created_at, updated_at, passenger_id) values (161, 'Manual Check', '2025-04-05', '2025-04-16', 23);
insert into Security_check (security_check_id, check_result, created_at, updated_at, passenger_id) values (162, 'Manual Check', '2025-07-28', '2025-08-07', 148);
insert into Security_check (security_check_id, check_result, created_at, updated_at, passenger_id) values (163, 'Alert', '2025-02-12', '2025-02-22', 43);
insert into Security_check (security_check_id, check_result, created_at, updated_at, passenger_id) values (164, 'Clear', '2024-09-07', '2024-09-18', 42);
insert into Security_check (security_check_id, check_result, created_at, updated_at, passenger_id) values (165, 'Clear', '2025-09-18', '2025-09-28', 42);
insert into Security_check (security_check_id, check_result, created_at, updated_at, passenger_id) values (166, 'Alert', '2025-01-20', '2025-01-31', 170);
insert into Security_check (security_check_id, check_result, created_at, updated_at, passenger_id) values (167, 'Alert', '2022-11-25', '2022-12-06', 97);
insert into Security_check (security_check_id, check_result, created_at, updated_at, passenger_id) values (168, 'Manual Check', '2025-06-03', '2025-06-13', 132);
insert into Security_check (security_check_id, check_result, created_at, updated_at, passenger_id) values (169, 'Manual Check', '2025-06-07', '2025-06-18', 43);
insert into Security_check (security_check_id, check_result, created_at, updated_at, passenger_id) values (170, 'Clear', '2025-03-07', '2025-03-18', 116);
insert into Security_check (security_check_id, check_result, created_at, updated_at, passenger_id) values (171, 'Alert', '2025-05-28', '2025-06-07', 131);
insert into Security_check (security_check_id, check_result, created_at, updated_at, passenger_id) values (172, 'Clear', '2024-07-19', '2024-07-29', 152);
insert into Security_check (security_check_id, check_result, created_at, updated_at, passenger_id) values (173, 'Alert', '2024-02-10', '2024-02-21', 163);
insert into Security_check (security_check_id, check_result, created_at, updated_at, passenger_id) values (174, 'Clear', '2025-09-20', '2025-10-01', 6);
insert into Security_check (security_check_id, check_result, created_at, updated_at, passenger_id) values (175, 'Manual Check', '2023-05-14', '2023-05-24', 38);
insert into Security_check (security_check_id, check_result, created_at, updated_at, passenger_id) values (176, 'Manual Check', '2024-05-05', '2024-05-15', 168);
insert into Security_check (security_check_id, check_result, created_at, updated_at, passenger_id) values (177, 'Clear', '2025-04-26', '2025-05-07', 146);
insert into Security_check (security_check_id, check_result, created_at, updated_at, passenger_id) values (178, 'Manual Check', '2024-10-23', '2024-11-02', 192);
insert into Security_check (security_check_id, check_result, created_at, updated_at, passenger_id) values (179, 'Alert', '2023-10-26', '2023-11-05', 15);
insert into Security_check (security_check_id, check_result, created_at, updated_at, passenger_id) values (180, 'Alert', '2024-12-04', '2024-12-15', 29);
insert into Security_check (security_check_id, check_result, created_at, updated_at, passenger_id) values (181, 'Alert', '2023-09-15', '2023-09-26', 125);
insert into Security_check (security_check_id, check_result, created_at, updated_at, passenger_id) values (182, 'Clear', '2022-10-15', '2022-10-26', 15);
insert into Security_check (security_check_id, check_result, created_at, updated_at, passenger_id) values (183, 'Clear', '2025-02-16', '2025-02-26', 148);
insert into Security_check (security_check_id, check_result, created_at, updated_at, passenger_id) values (184, 'Manual Check', '2025-01-23', '2025-02-02', 74);
insert into Security_check (security_check_id, check_result, created_at, updated_at, passenger_id) values (185, 'Clear', '2023-11-19', '2023-11-29', 69);
insert into Security_check (security_check_id, check_result, created_at, updated_at, passenger_id) values (186, 'Clear', '2023-02-20', '2023-03-03', 182);
insert into Security_check (security_check_id, check_result, created_at, updated_at, passenger_id) values (187, 'Clear', '2025-04-27', '2025-05-08', 132);
insert into Security_check (security_check_id, check_result, created_at, updated_at, passenger_id) values (188, 'Manual Check', '2024-10-13', '2024-10-24', 112);
insert into Security_check (security_check_id, check_result, created_at, updated_at, passenger_id) values (189, 'Alert', '2024-04-24', '2024-05-05', 5);
insert into Security_check (security_check_id, check_result, created_at, updated_at, passenger_id) values (190, 'Alert', '2024-08-16', '2024-08-26', 86);
insert into Security_check (security_check_id, check_result, created_at, updated_at, passenger_id) values (191, 'Clear', '2023-01-07', '2023-01-17', 102);
insert into Security_check (security_check_id, check_result, created_at, updated_at, passenger_id) values (192, 'Clear', '2025-04-04', '2025-04-14', 196);
insert into Security_check (security_check_id, check_result, created_at, updated_at, passenger_id) values (193, 'Manual Check', '2024-09-22', '2024-10-03', 3);
insert into Security_check (security_check_id, check_result, created_at, updated_at, passenger_id) values (194, 'Manual Check', '2024-01-29', '2024-02-08', 137);
insert into Security_check (security_check_id, check_result, created_at, updated_at, passenger_id) values (195, 'Clear', '2024-09-09', '2024-09-20', 75);
insert into Security_check (security_check_id, check_result, created_at, updated_at, passenger_id) values (196, 'Alert', '2024-08-29', '2024-09-09', 73);
insert into Security_check (security_check_id, check_result, created_at, updated_at, passenger_id) values (197, 'Manual Check', '2024-06-06', '2024-06-16', 156);
insert into Security_check (security_check_id, check_result, created_at, updated_at, passenger_id) values (198, 'Clear', '2025-02-18', '2025-03-01', 167);
insert into Security_check (security_check_id, check_result, created_at, updated_at, passenger_id) values (199, 'Manual Check', '2023-10-25', '2023-11-05', 85);
insert into Security_check (security_check_id, check_result, created_at, updated_at, passenger_id) values (200, 'Clear', '2022-11-12', '2022-11-22', 120);
